{
	"format_version": "1.8.0",
	"animations": {
		"animation.cosmic_explorer.take_off": {
			"animation_length": 1,
			"bones": {
				"Full1": {
					"rotation": [0, 0, 0],
					"position": [0, 0, 0],
					"scale": [1, 1, 1]
				},
				"Full2": {
					"rotation": [0, 0, 0],
					"position": [0, 0, 0],
					"scale": [1, 1, 1]
				},
				"RightStairs": {
					"rotation": {
						"0.0": [0, 0, 0],
						"1": [-5.52, 2.01, -134.99]
					},
					"position": {
						"0.0": [0, 0, 0],
						"1": [0, 0, 0]
					},
					"scale": {
						"0.0": [1, 1, 1],
						"1": [1, 1, 1]
					}
				},
				"LeftStairs": {
					"rotation": {
						"0.0": [0, 0, 0],
						"1": [-6.95, -1.25, 135.08]
					},
					"position": {
						"0.0": [0, 0, 0],
						"1": [0, -3, 0]
					},
					"scale": {
						"0.0": [1, 1, 1],
						"1": [1, 1, 1]
					}
				},
				"RightLeg": {
					"rotation": {
						"0.0": [0, 0, 0],
						"1": [0, 0, -30]
					},
					"position": {
						"0.0": [0, 0, 0],
						"1": [0, 0, 0]
					},
					"scale": {
						"0.0": [1, 1, 1],
						"1": [1, 1, 1]
					}
				},
				"RightKnee": {
					"rotation": {
						"0.0": [0, 0, 0],
						"1": [2.28, 3.12, -59.05]
					},
					"position": {
						"0.0": [0, 0, 0],
						"1": [0, 0, 0]
					},
					"scale": {
						"0.0": [1, 1, 1],
						"1": [1, 1, 1]
					}
				},
				"LeftLeg": {
					"rotation": {
						"0.0": [0, 0, 0],
						"1": [0, 0, 32.5]
					},
					"position": {
						"0.0": [0, 0, 0],
						"1": [0, 0, 0]
					},
					"scale": {
						"0.0": [1, 1, 1],
						"1": [1, 1, 1]
					}
				},
				"LeftKnee": {
					"rotation": {
						"0.0": [0, 0, 0],
						"1": [0, 0, 57]
					},
					"position": {
						"0.0": [0, 0, 0],
						"1": [0, 0, 0]
					},
					"scale": {
						"0.0": [1, 1, 1],
						"1": [1, 1, 1]
					}
				},
				"BackLeg": {
					"rotation": {
						"0.0": [0, 0, 0],
						"1": [-87.5, 0, 0]
					},
					"position": {
						"0.0": [0, 0, 0],
						"1": [0, 0, 0]
					},
					"scale": {
						"0.0": [1, 1, 1],
						"1": [1, 1, 1]
					}
				},
				"BackKnee": {
					"rotation": {
						"0.0": [0, 0, 0],
						"1": [0, 0, 0]
					},
					"position": {
						"0.0": [0, 0, 0],
						"1": [0, 0, 0]
					},
					"scale": {
						"0.0": [1, 1, 1],
						"1": [1, 1, 1]
					}
				},
				"LeftEngine1": {
					"rotation": {
						"0.0": [0, 0, 2.5],
						"1": [-91, 0.11, 2.5]
					},
					"position": [0, 0, 0],
					"scale": [1, 1, 1]
				},
				"LeftEngine3": {
					"rotation": {
						"0.0": [0, 0, 0],
						"1": [82.5, 0, 0]
					},
					"position": {
						"0.0": [0, 0, 0],
						"1": [0, 0, 0]
					},
					"scale": {
						"0.0": [1, 1, 1],
						"1": [1, 1, 1]
					}
				},
				"bone2": {
					"rotation": {
						"0.0": [0, 0, 0],
						"1": [-72, 0, 0]
					},
					"position": {
						"0.0": [0, 0, 0],
						"1": [0, 0, 0]
					},
					"scale": {
						"0.0": [1, 1, 1],
						"1": [1, 1, 1]
					}
				},
				"RightEngine1": {
					"rotation": {
						"0.0": [0, 0, 0],
						"1": [-90, -0.10901, -2.49762]
					},
					"position": [0, 0, 0],
					"scale": [1, 1, 1]
				},
				"RightEngine3": {
					"rotation": {
						"0.0": [0, 0, 0],
						"1": [87.5, 0, 0]
					},
					"position": {
						"0.0": [0, 0, 0],
						"1": [0, 0, 0]
					},
					"scale": {
						"0.0": [1, 1, 1],
						"1": [1, 1, 1]
					}
				},
				"bone": {
					"rotation": {
						"0.0": [0, 0, 0],
						"1": [-72, 0, 0]
					},
					"position": {
						"0.0": [0, 0, 0],
						"1": [0, 0, 0]
					},
					"scale": {
						"0.0": [1, 1, 1],
						"1": [1, 1, 1]
					}
				},
				"Leftengine2": {
					"rotation": {
						"0.0": [0, 0, 0],
						"1": [0, 0, 0]
					},
					"position": {
						"0.0": [0, 0, 0],
						"1": [0, 0, 0]
					},
					"scale": {
						"0.0": [1, 1, 1],
						"1": [1, 1, 1]
					}
				},
				"Leftlens": {
					"rotation": {
						"0.0": [0, 0, 0],
						"1": [0, 0, 0]
					},
					"position": {
						"0.0": [0, 0, 0],
						"1": [0, 0, 0]
					},
					"scale": {
						"0.0": [1, 1, 1],
						"1": [1, 1, 1]
					}
				},
				"Rightengine2": {
					"rotation": {
						"0.0": [0, 0, 0],
						"1": [0, 0, 0]
					},
					"position": {
						"0.0": [0, 0, 0],
						"1": [0, 0, 0]
					},
					"scale": {
						"0.0": [1, 1, 1],
						"1": [1, 1, 1]
					}
				},
				"Rightlens": {
					"rotation": {
						"0.0": [0, 0, 0],
						"1": [0, 0, 0]
					},
					"position": {
						"0.0": [0, 0, 0],
						"1": [0, 0, 0]
					},
					"scale": {
						"0.0": [1, 1, 1],
						"1": [1, 1, 1]
					}
				},
				"Rearwingontheright": {
					"rotation": {
						"0.0": [0, 0, 0],
						"1": [0, 0, 15]
					},
					"position": {
						"0.0": [0, 0, 0],
						"1": [0, 0, 0]
					},
					"scale": {
						"0.0": [1, 1, 1],
						"1": [1, 1, 1]
					}
				},
				"bone3": {
					"rotation": {
						"0.0": [0, 0, 0],
						"1": [0, 0, 44]
					},
					"position": {
						"0.0": [0, 0, 0],
						"1": [0, 0, 0]
					},
					"scale": {
						"0.0": [1, 1, 1],
						"1": [1, 1, 1]
					}
				},
				"Rearwingleft": {
					"rotation": {
						"0.0": [0, 0, 0],
						"1": [0, 0, -15]
					},
					"position": {
						"0.0": [0, 0, 0],
						"1": [0, 0, 0]
					},
					"scale": {
						"0.0": [1, 1, 1],
						"1": [1, 1, 1]
					}
				},
				"bone4": {
					"rotation": {
						"0.0": [0, 0, 0],
						"1": [0, 0, -44]
					},
					"position": {
						"0.0": [0, 0, 0],
						"1": [0, 0, 0]
					},
					"scale": {
						"0.0": [1, 1, 1],
						"1": [1, 1, 1]
					}
				}
			},
			"sound_effects": {
				"0.0": {
					"effect": "start"
				}
			}
		},
		"animation.cosmic_explorer.fly": {
			"loop": true,
			"animation_length": 2,
			"bones": {
				"RightStairs": {
					"rotation": {
						"0.0": [-5.52, 2.01, -134.99],
						"2.0": [-5.52, 2.01, -134.99]
					},
					"position": {
						"0.0": [0, 0, 0],
						"2.0": [0, 0, 0]
					},
					"scale": {
						"0.0": [1, 1, 1],
						"2.0": [1, 1, 1]
					}
				},
				"LeftStairs": {
					"rotation": {
						"0.0": [-6.95, -1.25, 135.08],
						"2.0": [-6.95, -1.25, 135.08]
					},
					"position": {
						"0.0": [0, -3, 0],
						"2.0": [0, -3, 0]
					},
					"scale": {
						"0.0": [1, 1, 1],
						"2.0": [1, 1, 1]
					}
				},
				"RightLeg": {
					"rotation": {
						"0.0": [0, 0, -30],
						"2.0": [0, 0, -30]
					},
					"position": {
						"0.0": [0, 0, 0],
						"2.0": [0, 0, 0]
					},
					"scale": {
						"0.0": [1, 1, 1],
						"2.0": [1, 1, 1]
					}
				},
				"RightKnee": {
					"rotation": {
						"0.0": [2.28, 3.12, -59.05],
						"2.0": [2.28, 3.12, -59.05]
					},
					"position": {
						"0.0": [0, 0, 0],
						"2.0": [0, 0, 0]
					},
					"scale": {
						"0.0": [1, 1, 1],
						"2.0": [1, 1, 1]
					}
				},
				"LeftLeg": {
					"rotation": {
						"0.0": [0, 0, 32.5],
						"2.0": [0, 0, 32.5]
					},
					"position": {
						"0.0": [0, 0, 0],
						"2.0": [0, 0, 0]
					},
					"scale": {
						"0.0": [1, 1, 1],
						"2.0": [1, 1, 1]
					}
				},
				"LeftKnee": {
					"rotation": {
						"0.0": [0, 0, 57],
						"2.0": [0, 0, 57]
					},
					"position": {
						"0.0": [0, 0, 0],
						"2.0": [0, 0, 0]
					},
					"scale": {
						"0.0": [1, 1, 1],
						"2.0": [1, 1, 1]
					}
				},
				"BackLeg": {
					"rotation": {
						"0.0": [-87.5, 0, 0],
						"2.0": [-87.5, 0, 0]
					},
					"position": {
						"0.0": [0, 0, 0],
						"2.0": [0, 0, 0]
					},
					"scale": {
						"0.0": [1, 1, 1],
						"2.0": [1, 1, 1]
					}
				},
				"BackKnee": {
					"rotation": {
						"0.0": [0, 0, 0],
						"2.0": [0, 0, 0]
					},
					"position": {
						"0.0": [0, 0, 0],
						"2.0": [0, 0, 0]
					},
					"scale": {
						"0.0": [1, 1, 1],
						"2.0": [1, 1, 1]
					}
				},
				"LeftEngine3": {
					"rotation": {
						"0.0": [82.5, 0, 0],
						"0.75": [79, 0, 0],
						"2.0": [82.5, 0, 0]
					},
					"position": {
						"0.0": [0, 0, 0],
						"2.0": [0, 0, 0]
					},
					"scale": {
						"0.0": [1, 1, 1],
						"2.0": [1, 1, 1]
					}
				},
				"bone2": {
					"rotation": {
						"0.0": [-72, 0, 0],
						"2.0": [-72, 0, 0]
					},
					"position": {
						"0.0": [0, 0, 0],
						"2.0": [0, 0, 0]
					},
					"scale": {
						"0.0": [1, 1, 1],
						"2.0": [1, 1, 1]
					}
				},
				"RightEngine3": {
					"rotation": {
						"0.0": [87.5, 0, 0],
						"0.4167": [82.5, 0, 0],
						"0.75": [81.55, 0, 0],
						"2.0": [87.5, 0, 0]
					},
					"position": {
						"0.0": [0, 0, 0],
						"2.0": [0, 0, 0]
					},
					"scale": {
						"0.0": [1, 1, 1],
						"2.0": [1, 1, 1]
					}
				},
				"bone": {
					"rotation": {
						"0.0": [-72, 0, 0],
						"2.0": [-72, 0, 0]
					},
					"position": {
						"0.0": [0, 0, 0],
						"2.0": [0, 0, 0]
					},
					"scale": {
						"0.0": [1, 1, 1],
						"2.0": [1, 1, 1]
					}
				},
				"Leftengine2": {
					"rotation": {
						"0.0": [0, 0, 0],
						"2.0": [0, 0, 0]
					},
					"position": {
						"0.0": [0, 0, 0],
						"2.0": [0, 0, 0]
					},
					"scale": {
						"0.0": [1, 1, 1],
						"2.0": [1, 1, 1]
					}
				},
				"Leftlens": {
					"rotation": {
						"0.0": [0, 0, 0],
						"2.0": [0, 0, 0]
					},
					"position": {
						"0.0": [0, 0, 0],
						"2.0": [0, 0, 0]
					},
					"scale": {
						"0.0": [1, 1, 1],
						"2.0": [1, 1, 1]
					}
				},
				"Rightengine2": {
					"rotation": {
						"0.0": [0, 0, 0],
						"2.0": [0, 0, 0]
					},
					"position": {
						"0.0": [0, 0, 0],
						"2.0": [0, 0, 0]
					},
					"scale": {
						"0.0": [1, 1, 1],
						"2.0": [1, 1, 1]
					}
				},
				"Rightlens": {
					"rotation": {
						"0.0": [0, 0, 0],
						"2.0": [0, 0, 0]
					},
					"position": {
						"0.0": [0, 0, 0],
						"2.0": [0, 0, 0]
					},
					"scale": {
						"0.0": [1, 1, 1],
						"2.0": [1, 1, 1]
					}
				},
				"Rearwingontheright": {
					"rotation": {
						"0.0": [0, 0, 15],
						"0.75": [0, 0, 13.78],
						"1.0": [0, 0, 16.56],
						"1.25": [0, 0, 18.03],
						"2.0": [0, 0, 15]
					},
					"position": {
						"0.0": [0, 0, 0],
						"2.0": [0, 0, 0]
					},
					"scale": {
						"0.0": [1, 1, 1],
						"2.0": [1, 1, 1]
					}
				},
				"bone3": {
					"rotation": {
						"0.0": [0, 0, 44],
						"2.0": [0, 0, 44]
					},
					"position": {
						"0.0": [0, 0, 0],
						"2.0": [0, 0, 0]
					},
					"scale": {
						"0.0": [1, 1, 1],
						"2.0": [1, 1, 1]
					}
				},
				"Rearwingleft": {
					"rotation": {
						"0.0": [0, 0, -15],
						"0.9167": [0, 0, -19.22],
						"2.0": [0, 0, -15]
					},
					"position": {
						"0.0": [0, 0, 0],
						"2.0": [0, 0, 0]
					},
					"scale": {
						"0.0": [1, 1, 1],
						"2.0": [1, 1, 1]
					}
				},
				"bone4": {
					"rotation": {
						"0.0": [0, 0, -44],
						"2.0": [0, 0, -44]
					},
					"position": {
						"0.0": [0, 0, 0],
						"2.0": [0, 0, 0]
					},
					"scale": {
						"0.0": [1, 1, 1],
						"2.0": [1, 1, 1]
					}
				},
				"RightEngine1": {
					"rotation": {
						"0.0": [-90, -0.10901, -2.49762],
						"0.0417": [-91, -0.10901, -2.49762],
						"0.0833": [-90, -0.10901, -2.49762],
						"0.125": [-91, -0.10901, -2.49762],
						"0.1667": [-90, -0.10901, -2.49762],
						"0.2083": [-91, -0.10901, -2.49762],
						"0.25": [-90, -0.10901, -2.49762],
						"0.2917": [-91, -0.10901, -2.49762],
						"0.3333": [-90, -0.10901, -2.49762],
						"0.375": [-91, -0.10901, -2.49762],
						"0.4167": [-90, -0.10901, -2.49762],
						"0.4583": [-91, -0.10901, -2.49762],
						"0.5": [-90, -0.10901, -2.49762],
						"0.5417": [-91, -0.10901, -2.49762],
						"0.5833": [-90, -0.10901, -2.49762],
						"0.625": [-91, -0.10901, -2.49762],
						"0.6667": [-90, -0.10901, -2.49762],
						"0.7083": [-91, -0.10901, -2.49762],
						"0.75": [-90, -0.10901, -2.49762],
						"0.7917": [-91, -0.10901, -2.49762],
						"0.8333": [-90, -0.10901, -2.49762],
						"0.875": [-91, -0.10901, -2.49762],
						"0.9167": [-90, -0.10901, -2.49762],
						"0.9583": [-91, -0.10901, -2.49762],
						"1.0": [-90, -0.10901, -2.49762],
						"1.0417": [-91, -0.10901, -2.49762],
						"1": [-90, -0.10901, -2.49762],
						"1.125": [-91, -0.10901, -2.49762],
						"1.1667": [-90, -0.10901, -2.49762],
						"1.2083": [-91, -0.10901, -2.49762],
						"1.25": [-90, -0.10901, -2.49762],
						"1.2917": [-91, -0.10901, -2.49762],
						"1.3333": [-90, -0.10901, -2.49762],
						"1.375": [-91, -0.10901, -2.49762],
						"1.4167": [-90, -0.10901, -2.49762],
						"1.4583": [-91, -0.10901, -2.49762],
						"1.5": [-90, -0.10901, -2.49762],
						"1.5417": [-91, -0.10901, -2.49762],
						"1.5833": [-90, -0.10901, -2.49762],
						"1.625": [-91, -0.10901, -2.49762],
						"1.6667": [-90, -0.10901, -2.49762],
						"1.7083": [-91, -0.10901, -2.49762],
						"1.75": [-90, -0.10901, -2.49762],
						"1.7917": [-91, -0.10901, -2.49762],
						"2.0": [-90, -0.10901, -2.49762]
					},
					"position": {
						"0.0": [0, 0, 0],
						"2.0": [0, 0, 0]
					},
					"scale": {
						"0.0": [1, 1, 1],
						"2.0": [1, 1, 1]
					}
				},
				"LeftEngine1": {
					"rotation": {
						"0.0": [-91, 0.11, 2.5],
						"0.0417": [-92, 0.11, 2.5],
						"0.0833": [-91, 0.11, 2.5],
						"0.125": [-92, 0.11, 2.5],
						"0.1667": [-91, 0.11, 2.5],
						"0.2083": [-92, 0.11, 2.5],
						"0.25": [-91, 0.11, 2.5],
						"0.2917": [-92, 0.11, 2.5],
						"0.3333": [-91, 0.11, 2.5],
						"0.375": [-92, 0.11, 2.5],
						"0.4167": [-91, 0.11, 2.5],
						"0.4583": [-92, 0.11, 2.5],
						"0.5": [-91, 0.11, 2.5],
						"0.5417": [-92, 0.11, 2.5],
						"0.5833": [-91, 0.11, 2.5],
						"0.625": [-92, 0.11, 2.5],
						"0.6667": [-91, 0.11, 2.5],
						"0.7083": [-92, 0.11, 2.5],
						"0.75": [-91, 0.11, 2.5],
						"0.7917": [-92, 0.11, 2.5],
						"0.8333": [-91, 0.11, 2.5],
						"0.875": [-92, 0.11, 2.5],
						"0.9167": [-91, 0.11, 2.5],
						"0.9583": [-92, 0.11, 2.5],
						"1.0": [-91, 0.11, 2.5],
						"1.0417": [-92, 0.11, 2.5],
						"1": [-91, 0.11, 2.5],
						"1.125": [-92, 0.11, 2.5],
						"1.1667": [-91, 0.11, 2.5],
						"1.2083": [-92, 0.11, 2.5],
						"1.25": [-91, 0.11, 2.5],
						"1.2917": [-92, 0.11, 2.5],
						"1.3333": [-91, 0.11, 2.5],
						"1.375": [-92, 0.11, 2.5],
						"1.4167": [-91, 0.11, 2.5],
						"1.4583": [-92, 0.11, 2.5],
						"1.5": [-91, 0.11, 2.5],
						"1.5417": [-92, 0.11, 2.5],
						"1.5833": [-91, 0.11, 2.5],
						"1.625": [-92, 0.11, 2.5],
						"1.6667": [-91, 0.11, 2.5],
						"1.7083": [-92, 0.11, 2.5],
						"1.75": [-91, 0.11, 2.5],
						"1.7917": [-92, 0.11, 2.5],
						"1.8333": [-91, 0.11, 2.5],
						"1.875": [-92, 0.11, 2.5],
						"1.9167": [-91, 0.11, 2.5],
						"1.9583": [-92, 0.11, 2.5],
						"2.0": [-91, 0.11, 2.5]
					},
					"position": {
						"0.0": [0, 0, 0],
						"2.0": [0, 0, 0]
					},
					"scale": {
						"0.0": [1, 1, 1],
						"2.0": [1, 1, 1]
					}
				}
			},
			"particle_effects": {
				"0.0": [
					{
						"effect": "p1",
						"locator": "locator"
					},
					{
						"effect": "p1",
						"locator": "locator2"
					},
					{
						"effect": "p2",
						"locator": "locator3"
					},
					{
						"effect": "p2",
						"locator": "locator4"
					},
					{
						"effect": "p3",
						"locator": "locator5"
					},
					{
						"effect": "p3",
						"locator": "locator6"
					}
				]
			},
			"sound_effects": {
				"0.0": {
					"effect": "loop"
				}
			}
		},
		"animation.cosmic_explorer.land": {
			"animation_length": 1,
			"bones": {
				"Full1": {
					"rotation": [0, 0, 0],
					"position": [0, 0, 0],
					"scale": [1, 1, 1]
				},
				"Full2": {
					"rotation": [0, 0, 0],
					"position": [0, 0, 0],
					"scale": [1, 1, 1]
				},
				"RightStairs": {
					"rotation": {
						"0.0": [-5.52, 2.01, -134.99],
						"1.0": [0, 0, 0]
					},
					"position": {
						"0.0": [0, 0, 0],
						"1.0": [0, 0, 0]
					},
					"scale": {
						"0.0": [1, 1, 1],
						"1.0": [1, 1, 1]
					}
				},
				"LeftStairs": {
					"rotation": {
						"0.0": [-6.95, -1.25, 135.08],
						"1.0": [0, 0, 0]
					},
					"position": {
						"0.0": [0, -3, 0],
						"1.0": [0, 0, 0]
					},
					"scale": {
						"0.0": [1, 1, 1],
						"1.0": [1, 1, 1]
					}
				},
				"RightLeg": {
					"rotation": {
						"0.0": [0, 0, -30],
						"1.0": [0, 0, 0]
					},
					"position": {
						"0.0": [0, 0, 0],
						"1.0": [0, 0, 0]
					},
					"scale": {
						"0.0": [1, 1, 1],
						"1.0": [1, 1, 1]
					}
				},
				"RightKnee": {
					"rotation": {
						"0.0": [2.28, 3.12, -59.05],
						"1.0": [0, 0, 0]
					},
					"position": {
						"0.0": [0, 0, 0],
						"1.0": [0, 0, 0]
					},
					"scale": {
						"0.0": [1, 1, 1],
						"1.0": [1, 1, 1]
					}
				},
				"LeftLeg": {
					"rotation": {
						"0.0": [0, 0, 32.5],
						"1.0": [0, 0, 0]
					},
					"position": {
						"0.0": [0, 0, 0],
						"1.0": [0, 0, 0]
					},
					"scale": {
						"0.0": [1, 1, 1],
						"1.0": [1, 1, 1]
					}
				},
				"LeftKnee": {
					"rotation": {
						"0.0": [0, 0, 57],
						"1.0": [0, 0, 0]
					},
					"position": {
						"0.0": [0, 0, 0],
						"1.0": [0, 0, 0]
					},
					"scale": {
						"0.0": [1, 1, 1],
						"1.0": [1, 1, 1]
					}
				},
				"BackLeg": {
					"rotation": {
						"0.0": [-87.5, 0, 0],
						"1.0": [0, 0, 0]
					},
					"position": {
						"0.0": [0, 0, 0],
						"1.0": [0, 0, 0]
					},
					"scale": {
						"0.0": [1, 1, 1],
						"1.0": [1, 1, 1]
					}
				},
				"BackKnee": {
					"rotation": {
						"0.0": [0, 0, 0],
						"1.0": [0, 0, 0]
					},
					"position": {
						"0.0": [0, 0, 0],
						"1.0": [0, 0, 0]
					},
					"scale": {
						"0.0": [1, 1, 1],
						"1.0": [1, 1, 1]
					}
				},
				"LeftEngine1": {
					"rotation": {
						"0.0": [-91, 0.11, 2.5],
						"1.0": [0, 0, 0]
					},
					"position": [0, 0, 0],
					"scale": [1, 1, 1]
				},
				"LeftEngine3": {
					"rotation": {
						"0.0": [82.5, 0, 0],
						"1.0": [0, 0, 0]
					},
					"position": {
						"0.0": [0, 0, 0],
						"1.0": [0, 0, 0]
					},
					"scale": {
						"0.0": [1, 1, 1],
						"1.0": [1, 1, 1]
					}
				},
				"bone2": {
					"rotation": {
						"0.0": [-72, 0, 0],
						"1.0": [0, 0, 0]
					},
					"position": {
						"0.0": [0, 0, 0],
						"1.0": [0, 0, 0]
					},
					"scale": {
						"0.0": [1, 1, 1],
						"1.0": [1, 1, 1]
					}
				},
				"RightEngine1": {
					"rotation": {
						"0.0": [-90, -0.10901, -2.49762],
						"1.0": [0, 0, 0]
					},
					"position": [0, 0, 0],
					"scale": [1, 1, 1]
				},
				"RightEngine3": {
					"rotation": {
						"0.0": [87.5, 0, 0],
						"1.0": [0, 0, 0]
					},
					"position": {
						"0.0": [0, 0, 0],
						"1.0": [0, 0, 0]
					},
					"scale": {
						"0.0": [1, 1, 1],
						"1.0": [1, 1, 1]
					}
				},
				"bone": {
					"rotation": {
						"0.0": [-72, 0, 0],
						"1.0": [0, 0, 0]
					},
					"position": {
						"0.0": [0, 0, 0],
						"1.0": [0, 0, 0]
					},
					"scale": {
						"0.0": [1, 1, 1],
						"1.0": [1, 1, 1]
					}
				},
				"Leftengine2": {
					"rotation": {
						"0.0": [0, 0, 0],
						"1.0": [0, 0, 0]
					},
					"position": {
						"0.0": [0, 0, 0],
						"1.0": [0, 0, 0]
					},
					"scale": {
						"0.0": [1, 1, 1],
						"1.0": [1, 1, 1]
					}
				},
				"Leftlens": {
					"rotation": {
						"0.0": [0, 0, 0],
						"1.0": [0, 0, 0]
					},
					"position": {
						"0.0": [0, 0, 0],
						"1.0": [0, 0, 0]
					},
					"scale": {
						"0.0": [1, 1, 1],
						"1.0": [1, 1, 1]
					}
				},
				"Rightengine2": {
					"rotation": {
						"0.0": [0, 0, 0],
						"1.0": [0, 0, 0]
					},
					"position": {
						"0.0": [0, 0, 0],
						"1.0": [0, 0, 0]
					},
					"scale": {
						"0.0": [1, 1, 1],
						"1.0": [1, 1, 1]
					}
				},
				"Rightlens": {
					"rotation": {
						"0.0": [0, 0, 0],
						"1.0": [0, 0, 0]
					},
					"position": {
						"0.0": [0, 0, 0],
						"1.0": [0, 0, 0]
					},
					"scale": {
						"0.0": [1, 1, 1],
						"1.0": [1, 1, 1]
					}
				},
				"Rearwingontheright": {
					"rotation": {
						"0.0": [0, 0, 15],
						"1.0": [0, 0, 0]
					},
					"position": {
						"0.0": [0, 0, 0],
						"1.0": [0, 0, 0]
					},
					"scale": {
						"0.0": [1, 1, 1],
						"1.0": [1, 1, 1]
					}
				},
				"bone3": {
					"rotation": {
						"0.0": [0, 0, 44],
						"1.0": [0, 0, 0]
					},
					"position": {
						"0.0": [0, 0, 0],
						"1.0": [0, 0, 0]
					},
					"scale": {
						"0.0": [1, 1, 1],
						"1.0": [1, 1, 1]
					}
				},
				"Rearwingleft": {
					"rotation": {
						"0.0": [0, 0, -15],
						"1.0": [0, 0, 0]
					},
					"position": {
						"0.0": [0, 0, 0],
						"1.0": [0, 0, 0]
					},
					"scale": {
						"0.0": [1, 1, 1],
						"1.0": [1, 1, 1]
					}
				},
				"bone4": {
					"rotation": {
						"0.0": [0, 0, -44],
						"1.0": [0, 0, 0]
					},
					"position": {
						"0.0": [0, 0, 0],
						"1.0": [0, 0, 0]
					},
					"scale": {
						"0.0": [1, 1, 1],
						"1.0": [1, 1, 1]
					}
				}
			},
			"sound_effects": {
				"0.0": {
					"effect": "stop"
				}
			}
		},
		"animation.cosmic_explorer.idle": {
			"loop": true,
			"bones": {
				"Full1": {
					"rotation": [0, 0, 0],
					"position": [0, 0, 0],
					"scale": [1, 1, 1]
				},
				"Full2": {
					"rotation": [0, 0, 0],
					"position": [0, 0, 0],
					"scale": [1, 1, 1]
				},
				"RightStairs": {
					"rotation": [0, 0, 0],
					"position": [0, 0, 0],
					"scale": [1, 1, 1]
				},
				"LeftStairs": {
					"rotation": [0, 0, 0],
					"position": [0, 0, 0],
					"scale": [1, 1, 1]
				},
				"RightLeg": {
					"rotation": [0, 0, 0],
					"position": [0, 0, 0],
					"scale": [1, 1, 1]
				},
				"RightKnee": {
					"rotation": [0, 0, 0],
					"position": [0, 0, 0],
					"scale": [1, 1, 1]
				},
				"LeftLeg": {
					"rotation": [0, 0, 0],
					"position": [0, 0, 0],
					"scale": [1, 1, 1]
				},
				"LeftKnee": {
					"rotation": [0, 0, 0],
					"position": [0, 0, 0],
					"scale": [1, 1, 1]
				},
				"BackLeg": {
					"rotation": [0, 0, 0],
					"position": [0, 0, 0],
					"scale": [1, 1, 1]
				},
				"BackKnee": {
					"rotation": [0, 0, 0],
					"position": [0, 0, 0],
					"scale": [1, 1, 1]
				},
				"LeftEngine3": {
					"rotation": [0, 0, 0],
					"position": [0, 0, 0],
					"scale": [1, 1, 1]
				},
				"RightEngine3": {
					"rotation": [0, 0, 0],
					"position": [0, 0, 0],
					"scale": [1, 1, 1]
				},
				"bone": {
					"rotation": [0, 0, 0],
					"position": [0, 0, 0],
					"scale": [1, 1, 1]
				},
				"bone2": {
					"rotation": [0, 0, 0],
					"position": [0, 0, 0],
					"scale": [1, 1, 1]
				},
				"Leftengine2": {
					"rotation": [0, 0, 0],
					"position": [0, 0, 0],
					"scale": [1, 1, 1]
				},
				"Leftlens": {
					"rotation": [0, 0, 0],
					"position": [0, 0, 0],
					"scale": [1, 1, 1]
				},
				"Rightengine2": {
					"rotation": [0, 0, 0],
					"position": [0, 0, 0],
					"scale": [1, 1, 1]
				},
				"Rightlens": {
					"rotation": [0, 0, 0],
					"position": [0, 0, 0],
					"scale": [1, 1, 1]
				},
				"Rearwingontheright": {
					"rotation": [0, 0, 0],
					"position": [0, 0, 0],
					"scale": [1, 1, 1]
				},
				"bone3": {
					"rotation": [0, 0, 0],
					"position": [0, 0, 0],
					"scale": [1, 1, 1]
				},
				"Rearwingleft": {
					"rotation": [0, 0, 0],
					"position": [0, 0, 0],
					"scale": [1, 1, 1]
				},
				"bone4": {
					"rotation": [0, 0, 0],
					"position": [0, 0, 0],
					"scale": [1, 1, 1]
				}
			}
		}
	}
}