{
	"format_version": "1.8.0",
	"animations": {
		"animation.cyber_mech.walk": {
			"loop": true,
			"animation_length": 1.83333,
			"bones": {
				"Body": {
					"rotation": {
						"0.0": [0, 0, 0],
						"0.25": [0, 0, 0],
						"0.5": [0, 0, 0],
						"1.0": [0, 0, 0],
						"1.25": [0, 0, 0],
						"1.5": [0, 0, 0],
						"1.8333": [0, 0, 0]
					},
					"position": {
						"0.0": [0, 0, 0],
						"0.25": [0, 0, 0],
						"0.5": [0, 0, 0],
						"1.0": [0, 0, 0], 
						"1.25": [0, 0, 0],
						"1.5": [0, 0, 0],
						"1.8333": [0, 0, 0]
					},
					"scale": {
						"0.0": [1, 1, 1],
						"0.25": [1, 1, 1],
						"0.5": [1, 1, 1],
						"1.0": [1, 1, 1],
						"1.25": [1, 1, 1],
						"1.5": [1, 1, 1],
						"1.8333": [1, 1, 1]
					}
				},
				"Breast": {
					"rotation": {
						"0.0": [-0.22037, 14.99523, -0.00984],
						"0.4583": [0.06823, 2.95577, 5.02591],
						"1.0": [-0.89272, -0.24488, -2.82844],
						"1.375": [-1.16448, 10.98628, -2.57668],
						"1.8333": [-0.22037, 14.99523, -0.00984]
					},
					"position": {
						"0.0": [0, 0, 0],
						"0.25": [0, 0, 0],
						"0.5": [0, 0, 0],
						"1.0": [0, 0, 0],
						"1.25": [0, 0, 0],
						"1.5": [0, 0, 0],
						"1.8333": [0, 0, 0]
					},
					"scale": {
						"0.0": [1, 1, 1],
						"0.25": [1, 1, 1],
						"0.5": [1, 1, 1],
						"1.0": [1, 1, 1],
						"1.25": [1, 1, 1],
						"1.5": [1, 1, 1],
						"1.8333": [1, 1, 1]
					}
				},
				"Helmet": {
					"rotation": {
						"0.0": [0, -10, 0],
						"0.4583": [0, 0, -5],
						"1.0": [0, 0, 2.5],
						"1.375": [-0.33371, -7.88395, 2.49278],
						"1.8333": [0, -10, 0]
					},
					"position": {
						"0.0": [1, 0, 0],
						"0.4583": [0, 0, 0],
						"1.0": [1, 0, 0],
						"1.8333": [1, 0, 0]
					}
				},
				"LeftArm": {
					"rotation": {
						"0.0": [43.95564, -15.30423, -3.88598],
						"0.5833": [-10.4491, 21.93232, 0.69987],
						"1.0833": [-1.71908, 9.4377, 2.41443],
						"1.8333": [43.95564, -15.30423, -3.88598]
					},
					"position": {
						"0.0": [1.30631, -0.4473, 6.56837],
						"0.5833": [2.80955, -1.4635, -2.25613],
						"1.0833": [2.45302, -2.47372, 0.75841],
						"1.8333": [1.30631, -0.4473, 6.56837]
					},
					"scale": {
						"0.0": [1, 1, 1],
						"0.5833": [1, 1, 1],
						"1.0833": [1, 1, 1],
						"1.8333": [1, 1, 1]
					}
				},
				"LeftArm2": {
					"rotation": {
						"0.0": [16.97422, -10.13867, 4.75723],
						"0.5833": [47.62687, -12.50877, -15.70617],
						"1.0833": [3.8873, 0.24435, -2.31561],
						"1.3333": [17.65852, -7.63468, -9.05858],
						"1.5833": [17.10254, -9.09342, -2.88198],
						"1.8333": [16.97422, -10.13867, 4.75723]
					},
					"position": {
						"0.0": [0, 0, 0],
						"0.5833": [0, 0, 0],
						"1.0833": [0, 0, 0],
						"1.8333": [0, 0, 0]
					},
					"scale": {
						"0.0": [1, 1, 1],
						"0.5833": [1, 1, 1],
						"1.0833": [1, 1, 1],
						"1.8333": [1, 1, 1]
					}
				},
				"LeftHand": {
					"rotation": {
						"0.0": [-5.00491, 3.85841, 10.60571],
						"0.5": [25.08285, -1.68871, 6.64101],
						"1.0": [-5, 3.86, 10.61],
						"1.25": [-5, 3.86, 10.61],
						"1.5": [17.44147, 3.51441, 9.90805],
						"1.8333": [-5.00491, 3.85841, 10.60571]
					},
					"position": {
						"0.0": [0, 0, 0],
						"0.25": [0, 0, 0],
						"0.5": [0, 0, 0],
						"1.0": [0, 0, 0],
						"1.25": [0, 0, 0],
						"1.5": [0, 0, 0],
						"1.8333": [0, 0, 0]
					},
					"scale": {
						"0.0": [1, 1, 1],
						"0.25": [1, 1, 1],
						"0.5": [1, 1, 1],
						"1.0": [1, 1, 1],
						"1.25": [1, 1, 1],
						"1.5": [1, 1, 1],
						"1.8333": [1, 1, 1]
					}
				},
				"LeftFinger1": {
					"rotation": {
						"0.0": [-1.54944, 6.13407, 4.81657],
						"0.25": [20.80949, 3.17284, 5.64994],
						"0.5": [-1.55, 6.13, 4.82],
						"0.75": [38.17703, 2.38592, 12.15091],
						"1.8333": [-1.54944, 6.13407, 4.81657]
					},
					"position": {
						"0.0": [0, 0, 0],
						"0.25": [0, 0, 0],
						"0.5": [0, 0, 0],
						"1.0": [0, 0, 0],
						"1.25": [0, 0, 0],
						"1.5": [0, 0, 0],
						"1.8333": [0, 0, 0]
					},
					"scale": {
						"0.0": [1, 1, 1],
						"0.25": [1, 1, 1],
						"0.5": [1, 1, 1],
						"1.0": [1, 1, 1],
						"1.25": [1, 1, 1],
						"1.5": [1, 1, 1],
						"1.8333": [1, 1, 1]
					}
				},
				"LeftFinger2": {
					"rotation": {
						"0.0": [-5.47893, -5.34854, -7.1238],
						"0.25": [-5.48, -5.35, -7.12],
						"0.3333": [6.98868, -4.10792, -8.70655],
						"0.5": [-5.48, -5.35, -7.12],
						"0.75": [1.07605, 14.44527, 7.39202],
						"1.8333": [-5.47893, -5.34854, -7.1238]
					},
					"position": {
						"0.0": [0, 0, 0],
						"0.25": [0, 0, 0],
						"0.5": [0, 0, 0],
						"1.0": [0, 0, 0],
						"1.25": [0, 0, 0],
						"1.5": [0, 0, 0],
						"1.8333": [0, 0, 0]
					},
					"scale": {
						"0.0": [1, 1, 1],
						"0.25": [1, 1, 1],
						"0.5": [1, 1, 1],
						"1.0": [1, 1, 1],
						"1.25": [1, 1, 1],
						"1.5": [1, 1, 1],
						"1.8333": [1, 1, 1]
					}
				},
				"RightArm": {
					"rotation": {
						"0.0": [-46.97121, -2.12695, -1.54642],
						"0.25": [-57.22707, -4.84411, 2.65903],
						"0.5": [-56.18801, -6.18715, 7.22283],
						"0.75": [-60.07401, -5.99783, 2.53541],
						"0.9167": [-55.88045, -6.1093, -12.00415],
						"1.0": [-53.81092, -6.31664, -8.02205],
						"1.5": [-66.73931, -2.58293, 0.71476],
						"1.8333": [-46.97121, -2.12695, -1.54642]
					},
					"position": {
						"0.0": [0, -1, -2],
						"0.25": [0, -1, -2],
						"0.5": [0, -1, -2],
						"0.875": [0, -1, -2],
						"1.0": [-0.05654, -2.99903, -1.97425],
						"1.5": [0, -1, -2],
						"1.8333": [0, -1, -2]
					},
					"scale": {
						"0.0": [1, 1, 1],
						"0.25": [1, 1, 1],
						"0.5": [1, 1, 1],
						"1.0": [1, 1, 1],
						"1.5": [1, 1, 1],
						"1.8333": [1, 1, 1]
					}
				},
				"RightArm2": {
					"rotation": {
						"0.0": [-7.31535, 9.95779, 6.05465],
						"0.25": [-7.32, 9.96, 6.05],
						"0.5": [-7.32, 9.96, 6.05],
						"1.0": [-7.32, 9.96, 6.05],
						"1.5": [-7.32, 9.96, 6.05],
						"1.8333": [-7.31535, 9.95779, 6.05465]
					},
					"position": {
						"0.0": [0, 0, 0],
						"0.25": [0, 0, 0],
						"0.5": [0, 0, 0],
						"1.0": [0, 0, 0],
						"1.5": [0, 0, 0],
						"1.8333": [0, 0, 0]
					},
					"scale": {
						"0.0": [1, 1, 1],
						"0.25": [1, 1, 1],
						"0.5": [1, 1, 1],
						"1.0": [1, 1, 1],
						"1.5": [1, 1, 1],
						"1.8333": [1, 1, 1]
					}
				},
				"RughtHand": {
					"rotation": {
						"0.0": [-22.50992, -20.77481, 2.60484],
						"0.25": [-22.51, -20.77, 2.6],
						"0.5": [-17.24737, -21.70627, 0.4367],
						"0.75": [-8.45955, -22.95982, -5.06749],
						"1.0": [-21.26743, -24.38518, -4.3488],
						"1.25": [-22.51, -20.77, 2.6],
						"1.5": [-22.51, -20.77, 2.6],
						"1.8333": [-22.50992, -20.77481, 2.60484]
					},
					"position": {
						"0.0": [0, 0, 0],
						"0.25": [0, 0, 0],
						"0.5": [0, 0, 0],
						"1.0": [0, 0, 0],
						"1.25": [0, 0, 0],
						"1.5": [0, 0, 0],
						"1.8333": [0, 0, 0]
					},
					"scale": {
						"0.0": [1, 1, 1],
						"0.25": [1, 1, 1],
						"0.5": [1, 1, 1],
						"1.0": [1, 1, 1],
						"1.25": [1, 1, 1],
						"1.5": [1, 1, 1],
						"1.8333": [1, 1, 1]
					}
				},
				"Hammer": {
					"rotation": {
						"0.0": [14.98034, 21.54194, 23.022],
						"0.25": [14.98, 21.54, 23.02],
						"0.5": [14.98, 21.54, 23.02],
						"0.7917": [24.45251, 11.32985, 22.97868],
						"1.0": [14.98, 21.54, 23.02],
						"1.25": [14.98, 21.54, 23.02],
						"1.5": [14.98, 21.54, 23.02],
						"1.8333": [14.98034, 21.54194, 23.022]
					},
					"position": {
						"0.0": [0.4156, 0.94634, 0.43923],
						"0.25": [0.42, 0.95, 0.44],
						"0.5": [0.42, 0.95, 0.44],
						"1.0": [0.42, 0.95, 0.44],
						"1.25": [0.42, 0.95, 0.44],
						"1.5": [0.42, 0.95, 0.44],
						"1.8333": [0.4156, 0.94634, 0.43923]
					},
					"scale": {
						"0.0": [1, 1, 1],
						"0.25": [1, 1, 1],
						"0.5": [1, 1, 1],
						"1.0": [1, 1, 1],
						"1.25": [1, 1, 1],
						"1.5": [1, 1, 1],
						"1.8333": [1, 1, 1]
					}
				},
				"Hammer2": {
					"rotation": {
						"0.0": [0, 0, 0],
						"0.25": [0, 0, 0],
						"0.5": [0, 0, 0],
						"1.0": [0, 0, 0],
						"1.25": [0, 0, 0],
						"1.5": [0, 0, 0],
						"1.8333": [0, 0, 0]
					},
					"position": {
						"0.0": [0, 0, 0],
						"0.25": [0, 0, 0],
						"0.5": [0, 0, 0],
						"1.0": [0, 0, 0],
						"1.25": [0, 0, 0],
						"1.5": [0, 0, 0],
						"1.8333": [0, 0, 0]
					},
					"scale": {
						"0.0": [1, 1, 1],
						"0.25": [1, 1, 1],
						"0.5": [1, 1, 1],
						"1.0": [1, 1, 1],
						"1.25": [1, 1, 1],
						"1.5": [1, 1, 1],
						"1.8333": [1, 1, 1]
					}
				},
				"RightFinger1": {
					"rotation": {
						"0.0": [-9.89875, -8.42145, 5.41207],
						"0.25": [-9.9, -8.42, 5.41],
						"0.5": [-9.9, -8.42, 5.41],
						"1.0": [19.84162, -4.07148, -0.70357],
						"1.25": [-9.9, -8.42, 5.41],
						"1.5": [-9.9, -8.42, 5.41],
						"1.8333": [-9.89875, -8.42145, 5.41207]
					},
					"position": {
						"0.0": [0, 0, 0],
						"0.25": [0, 0, 0],
						"0.5": [0, 0, 0],
						"1.0": [0, 0, 0],
						"1.25": [0, 0, 0],
						"1.5": [0, 0, 0],
						"1.8333": [0, 0, 0]
					},
					"scale": {
						"0.0": [1, 1, 1],
						"0.25": [1, 1, 1],
						"0.5": [1, 1, 1],
						"1.0": [1, 1, 1],
						"1.25": [1, 1, 1],
						"1.5": [1, 1, 1],
						"1.8333": [1, 1, 1]
					}
				},
				"RightFinger2": {
					"rotation": {
						"0.0": [2.66399, -14.76689, -10.34527],
						"0.25": [2.66, -14.77, -10.35],
						"0.5": [2.66, -14.77, -10.35],
						"1.0": [2.66, -14.77, -10.35],
						"1.25": [2.66, -14.77, -10.35],
						"1.5": [2.66, -14.77, -10.35],
						"1.8333": [2.66399, -14.76689, -10.34527]
					},
					"position": {
						"0.0": [0, 0, 0],
						"0.25": [0, 0, 0],
						"0.5": [0, 0, 0],
						"1.0": [0, 0, 0],
						"1.25": [0, 0, 0],
						"1.5": [0, 0, 0],
						"1.8333": [0, 0, 0]
					},
					"scale": {
						"0.0": [1, 1, 1],
						"0.25": [1, 1, 1],
						"0.5": [1, 1, 1],
						"1.0": [1, 1, 1],
						"1.25": [1, 1, 1],
						"1.5": [1, 1, 1],
						"1.8333": [1, 1, 1]
					}
				},
				"RightFinger3": {
					"rotation": {
						"0.0": [-5.40668, -6.3494, -5.16022],
						"0.25": [-5.13204, 11.049, -7.01262],
						"0.5": [-5.41, -6.35, -5.16],
						"0.7917": [-3.74345, -13.54312, -4.09906],
						"1.0": [-5.41, -6.35, -5.16],
						"1.25": [-5.41, -6.35, -5.16],
						"1.5": [-3.60519, 3.47544, -4.74282],
						"1.8333": [-5.40668, -6.3494, -5.16022]
					},
					"position": {
						"0.0": [0, 0, 0],
						"0.25": [0, 0, 0],
						"0.5": [0, 0, 0],
						"1.0": [0, 0, 0],
						"1.25": [0, 0, 0],
						"1.5": [0, 0, 0],
						"1.8333": [0, 0, 0]
					},
					"scale": {
						"0.0": [1, 1, 1],
						"0.25": [1, 1, 1],
						"0.5": [1, 1, 1],
						"1.0": [1, 1, 1],
						"1.25": [1, 1, 1],
						"1.5": [1, 1, 1],
						"1.8333": [1, 1, 1]
					}
				},
				"RightFinger4": {
					"rotation": {
						"0.0": [-14.76459, -10.18192, -8.40786],
						"0.25": [-15.20557, 2.24178, -9.70547],
						"0.5": [-14.76, -10.18, -8.41],
						"0.7917": [-3.756, -12.26924, -12.5866],
						"1.0": [-14.76, -10.18, -8.41],
						"1.25": [-14.76, -10.18, -8.41],
						"1.5": [-1.58651, 11.50214, -12.64151],
						"1.8333": [-14.76459, -10.18192, -8.40786]
					},
					"position": {
						"0.0": [0, 0, 0],
						"0.25": [0, 0, 0],
						"0.5": [0, 0, 0],
						"1.0": [0, 0, 0],
						"1.25": [0, 0, 0],
						"1.5": [0, 0, 0],
						"1.8333": [0, 0, 0]
					},
					"scale": {
						"0.0": [1, 1, 1],
						"0.25": [1, 1, 1],
						"0.5": [1, 1, 1],
						"1.0": [1, 1, 1],
						"1.25": [1, 1, 1],
						"1.5": [1, 1, 1],
						"1.8333": [1, 1, 1]
					}
				},
				"RightLeg": {
					"rotation": {
						"0.0": [40, 0, 0],
						"0.25": [40, 0, 0],
						"0.5": [20, 0, 0],
						"1.0": [-37.5, 0, 0],
						"1.25": [-29, 0, 0],
						"1.5": [-10, 0, 0],
						"1.8333": [40, 0, 0]
					},
					"position": {
						"0.0": [0, 0, 0],
						"0.5": [0, 0, -0.67],
						"1.0": [0, 0, -0.4],
						"1.25": [0, 0, -0.27],
						"1.5": [0, 0, -0.13],
						"1.8333": [0, 0, 0]
					}
				},
				"RightKnee": {
					"rotation": {
						"0.0": [5, 0, 0],
						"0.25": [17.12933, 0.94197, -2.45291],
						"0.5": [52.12933, 0.94197, -2.45291],
						"1.0": [-0.37067, 0.94197, -2.45291],
						"1.25": [7.12933, 0.94197, -2.45291],
						"1.5": [-0.28799, 0.72142, -1.64289],
						"1.8333": [5, 0, 0]
					},
					"position": {
						"0.0": [0, 0, 0],
						"0.25": [0, 0, 0],
						"0.5": [0, 0, 0],
						"1.0": [0, 0, 0],
						"1.25": [0, 0, 0],
						"1.5": [0, 0, 0],
						"1.8333": [0, 0, 0]
					},
					"scale": {
						"0.0": [1, 1, 1],
						"0.25": [1, 1, 1],
						"0.5": [1, 1, 1],
						"1.0": [1, 1, 1],
						"1.25": [1, 1, 1],
						"1.5": [1, 1, 1],
						"1.8333": [1, 1, 1]
					}
				},
				"RightFoot": {
					"rotation": {
						"0.0": [0, 0, 0],
						"0.25": [17.5, 0, 0],
						"0.5": [32.5, 0, 0],
						"0.75": [6.25, 0, 0],
						"1.0": [10, 0, 0],
						"1.125": [32.03187, 0.2046, 0.43015],
						"1.25": [21.06373, 0.4092, 0.86029],
						"1.5": [10.18441, -0.98897, 2.85407],
						"1.8333": [0, 0, 0]
					},
					"position": {
						"0.0": [0, 0, 0],
						"0.25": [0, 0, 0],
						"0.5": [0, 0, 0],
						"1.0": [0, 0, 0],
						"1.25": [0, 0, 0],
						"1.5": [0, 0, 0],
						"1.8333": [0, 0, 0]
					},
					"scale": {
						"0.0": [1, 1, 1],
						"0.25": [1, 1, 1],
						"0.5": [1, 1, 1],
						"1.0": [1, 1, 1],
						"1.25": [1, 1, 1],
						"1.5": [1, 1, 1],
						"1.8333": [1, 1, 1]
					}
				},
				"LeftLeg": {
					"rotation": {
						"0.0": [-37.5, 0, 0],
						"0.25": [-32.5, 0, 0],
						"0.5": [-2.5, 0, 0],
						"1.0": [32.5, 0, 0],
						"1.25": [17.5, 0, 0],
						"1.5": [-30, 0, 0],
						"1.8333": [-37.5, 0, 0]
					},
					"position": {
						"0.0": [0, 0, 0],
						"0.25": [0, 0, 0],
						"0.5": [0, 0, 0],
						"1.0": [0, 0, 0],
						"1.25": [0, 0, 0],
						"1.5": [0, 0, 0],
						"1.8333": [0, 0, 0]
					},
					"scale": {
						"0.0": [1, 1, 1],
						"0.25": [1, 1, 1],
						"0.5": [1, 1, 1],
						"1.0": [1, 1, 1],
						"1.25": [1, 1, 1],
						"1.5": [1, 1, 1],
						"1.8333": [1, 1, 1]
					}
				},
				"LeftKnee": {
					"rotation": {
						"0.0": [0, 0, 0],
						"0.25": [-5, 0, 0],
						"0.5": [-7.5, 0, 0],
						"0.75": [-5, 0, 0],
						"1.0": [22.5, 0, 0],
						"1.25": [40.48004, 0.23577, 4.04387],
						"1.5": [97.5, 0, 0],
						"1.8333": [0, 0, 0]
					},
					"position": {
						"0.0": [0, 0, 0],
						"0.25": [0, 0, 0],
						"0.5": [0, 0, 0],
						"1.0": [0, 0, 0],
						"1.25": [0, 0, 0],
						"1.5": [0, 0, 0],
						"1.8333": [0, 0, 0]
					}
				},
				"LeftFoot": {
					"rotation": {
						"0.0": [0, 0, 0],
						"0.25": [37.5, 0, 0],
						"0.5": [9.96371, 0.25029, 0.34823],
						"1.0": [7.5, 0, 0],
						"1.25": [30, 0, 0],
						"1.5": [15, 0, 0],
						"1.8333": [0, 0, 0]
					},
					"position": {
						"0.0": [0, 0, 0],
						"0.25": [0, 0, 0],
						"0.5": [0, 0, 0],
						"1.0": [0, 0, 0],
						"1.25": [0, 0, 0],
						"1.5": [0, 0, 0],
						"1.8333": [0, 0, 0]
					},
					"scale": {
						"0.0": [1, 1, 1],
						"0.25": [1, 1, 1],
						"0.5": [1, 1, 1],
						"1.0": [1, 1, 1],
						"1.25": [1, 1, 1],
						"1.5": [1, 1, 1],
						"1.8333": [1, 1, 1]
					}
				},
				"LeftFinger3": {
					"rotation": {
						"0.0": [0, 0, 0],
						"0.3333": [13.21943, 5.90595, 3.2453],
						"0.75": [-4.06933, 16.21075, 4.91926],
						"1.8333": [0, 0, 0]
					}
				},
				"LeftFinger4": {
					"rotation": {
						"0.0": [0, 0, 0],
						"0.3333": [13.31189, 7.08768, 7.44225],
						"0.75": [1.92793, 20.39369, 14.03996],
						"1.8333": [0, 0, 0]
					}
				}
			},
			"sound_effects": {
				"0.0": {
					"effect": "walk"
				}
			}
		},
		"animation.cyber_mech.attack": {
			"loop": "hold_on_last_frame",
			"animation_length": 1.83333, 
			"bones": {
				"Breast": {
					"rotation": {
						"0.0": [0, 0, 0],
						"0.4167": [5.55299, 28.09548, 4.31784],
						"0.7917": [3.22773, -35.58517, -0.60694],
						"1.25": [0, 0, 0]
					},
					"position": {
						"0.0": [0, 0, 0],
						"1.25": [0, 0, 0]
					},
					"scale": {
						"0.0": [1, 1, 1],
						"1.25": [1, 1, 1]
					}
				},
				"Helmet": {
					"rotation": {
						"0.0": [0, 0, 0],
						"0.4167": [-10, -30, 0],
						"0.7917": [-7.5, 37.5, 0],
						"1.25": [0, 0, 0]
					}
				},
				"LeftArm": {
					"rotation": {
						"0.0": [12.58556, -4.47094, 12.63842],
						"0.5": [-59.38837, 21.43028, -69.1237],
						"0.5833": [-44.9751, 25.02413, -54.18136],
						"0.625": [-44.9751, 25.02413, -54.18136],
						"0.7083": [-14.29706, -33.50923, -7.81403],
						"0.9167": [-14.3, -33.51, -7.81],
						"1.1667": [-26.76419, -39.0514, -3.83295],
						"1.5": [12.58556, -4.47094, 12.63842],
						"1.8333": [12.58556, -4.47094, 12.63842]
					},
					"position": {
						"0.0": [2.6, 0, 0],
						"0.625": [7.60621, -5.99467, -1.79273],
						"0.7083": [4.09357, -3.55073, 3.08444],
						"0.9167": [4.09, -3.55, 3.08],
						"1.5": [2.6, 0, 0],
						"1.8333": [2.6, 0, 0]
					},
					"scale": {
						"0.0": [1, 1, 1],
						"0.5417": [1, 1, 1],
						"0.625": [1, 1, 1],
						"0.9167": [1, 1, 1],
						"1.5": [1, 1, 1],
						"1.8333": [1, 1, 1]
					}
				},
				"LeftArm2": {
					"rotation": {
						"0.0": [33.68864, -7.75049, -3.62657],
						"0.4167": [-24.73828, -7.8053, 77.51755],
						"0.5417": [-49.16205, -21.69476, 78.62687],
						"0.5833": [-30.5804, -1.37084, 73.36422],
						"0.625": [-18.00016, -12.5534, 77.30756],
						"0.7083": [29.13609, -9.33607, 14.49616],
						"0.9167": [29.14, -9.34, 14.5],
						"1.1667": [36.43716, -19.89499, 13.75913],
						"1.5": [33.68864, -7.75049, -3.62657],
						"1.8333": [33.68864, -7.75049, -3.62657]
					},
					"position": {
						"0.0": [0, 0, 0],
						"0.4167": [0.33, -1.3, -2.49],
						"0.5417": [1.85002, -1.10555, -3.0997],
						"0.625": [1.85, -1.11, -3.1],
						"0.9167": [1.85, -1.11, -3.1],
						"1.5": [0, 0, 0],
						"1.8333": [0, 0, 0]
					},
					"scale": {
						"0.0": [1, 1, 1],
						"0.4167": [1, 1, 1],
						"0.5417": [1, 1, 1],
						"0.625": [1, 1, 1],
						"0.9167": [1, 1, 1],
						"1.5": [1, 1, 1],
						"1.8333": [1, 1, 1]
					}
				},
				"LeftHand": {
					"rotation": {
						"0.0": [-5.00491, 3.85841, 10.60571],
						"0.4167": [-11.72, 0.03, 20.27],
						"0.5417": [-3.7267, -12.76903, -2.3754],
						"0.5833": [-27.35654, -16.21314, 11.77904],
						"0.625": [-9.43002, 17.90172, -7.46876],
						"0.7083": [-2.96595, 26.19065, 10.26303],
						"0.9167": [-2.97, 26.19, 10.26],
						"1.5": [-5.00491, 3.85841, 10.60571],
						"1.8333": [-5.00491, 3.85841, 10.60571]
					},
					"position": {
						"0.0": [0, 0, 0],
						"0.4167": [0, 0, 0],
						"0.5417": [0, 0, 0],
						"0.625": [0, 0, 0],
						"0.9167": [0, 0, 0],
						"1.5": [0, 0, 0],
						"1.8333": [0, 0, 0]
					},
					"scale": {
						"0.0": [1, 1, 1],
						"0.4167": [1, 1, 1],
						"0.5417": [1, 1, 1],
						"0.625": [1, 1, 1],
						"0.9167": [1, 1, 1],
						"1.5": [1, 1, 1],
						"1.8333": [1, 1, 1]
					}
				},
				"RightArm": {
					"rotation": {
						"0.0": [-33.7485, -26.33464, 2.85222],
						"0.4167": [-48.31536, -37.28252, -50.10795],
						"0.5417": [-42.26671, -37.0637, -47.06295],
						"0.5833": [-62.11942, -22.88724, -17.15028],
						"0.625": [-14.13, -39.87, -60.81],
						"0.7083": [32.9351, -63.97583, -87.43042],
						"0.9167": [33.59295, -59.45038, -71.10386],
						"1.4583": [-39.44173, -27.16551, -3.80317],
						"1.5417": [-33.7485, -26.33464, 2.85222],
						"1.7083": [-33.7485, -26.33464, 2.85222],
						"1.8333": [-33.7485, -26.33464, 2.85222]
					},
					"position": {
						"0.0": [0, -1, -2],
						"0.4167": [0.69206, 1.9517, -7.09515],
						"0.5417": [2, 0.6, -7.79],
						"0.5833": [-0.10925, 0.06375, -2.53473],
						"0.625": [2.21, -1.37, -8.57],
						"0.7083": [2.31058, -2.36204, -8.96284],
						"0.9167": [2.31, -2.36, -8.96],
						"1.4583": [-0.18794, -2.85205, -2.26964],
						"1.5417": [0, -1, -2],
						"1.7083": [0, -1, -2],
						"1.8333": [0, -1, -2]
					},
					"scale": {
						"0.0": [1, 1, 1],
						"0.4167": [1, 1, 1],
						"0.5417": [1, 1, 1],
						"0.625": [1, 1, 1],
						"0.9167": [1, 1, 1],
						"1.5417": [1, 1, 1],
						"1.7083": [1, 1, 1],
						"1.8333": [1, 1, 1]
					}
				},
				"RightArm2": {
					"rotation": {
						"0.0": [10.18465, 9.95779, 6.05465],
						"0.4167": [-29.36866, 3.00965, 29.19594],
						"0.5": [-9.24478, 12.19736, 17.28798],
						"0.5417": [13.62114, 11.73601, 31.64582],
						"0.625": [10.07, 10.46, 22.94],
						"0.7083": [8.29426, 9.82103, 18.59424],
						"0.9167": [22.42879, 17.04194, 13.78959],
						"1.1667": [27.08626, 17.51805, 15.19011],
						"1.5": [10.18465, 9.95779, 6.05465],
						"1.8333": [10.18465, 9.95779, 6.05465]
					},
					"position": {
						"0.0": [0, 0, 0],
						"0.4167": [0, 0, 0],
						"0.5417": [0, 0, 0],
						"0.625": [0, 0, 0],
						"0.9167": [0, 0, 0],
						"1.5": [0, 0, 0],
						"1.8333": [0, 0, 0]
					},
					"scale": {
						"0.0": [1, 1, 1],
						"0.4167": [1, 1, 1],
						"0.5417": [1, 1, 1],
						"0.625": [1, 1, 1],
						"0.9167": [1, 1, 1],
						"1.5": [1, 1, 1],
						"1.8333": [1, 1, 1]
					}
				},
				"RughtHand": {
					"rotation": {
						"0.0": [-38.43573, -16.43523, -1.58702],
						"0.4167": [6.82499, 24.00755, -6.8365],
						"0.5417": [-26.97032, 2.65377, -55.91788],
						"0.5833": [-41.06893, 34.06223, -70.99954],
						"0.625": [-25.04, 14.42, -78.63],
						"0.7083": [24.52767, -2.72205, 13.66779],
						"0.9167": [11.97293, 0.21484, 32.27858],
						"1.2083": [6.57115, -23.29969, 4.73592],
						"1.5": [-38.43573, -16.43523, -1.58702],
						"1.8333": [-38.43573, -16.43523, -1.58702]
					},
					"position": {
						"0.0": [0, 0, 0],
						"0.4167": [0, 0, 0],
						"0.5417": [0, 0, 0],
						"0.625": [0, 0, 0],
						"0.9167": [0, 0, 0],
						"1.5": [0, 0, 0],
						"1.8333": [0, 0, 0]
					},
					"scale": {
						"0.0": [1, 1, 1],
						"0.4167": [1, 1, 1],
						"0.5417": [1, 1, 1],
						"0.625": [1, 1, 1],
						"0.9167": [1, 1, 1],
						"1.5": [1, 1, 1],
						"1.8333": [1, 1, 1]
					}
				},
				"Hammer": {
					"rotation": {
						"0.0": [14.98034, 21.54194, 23.022],
						"0.4167": [76.83937, 35.70516, 13.0448],
						"0.5417": [44.31849, 24.50869, 35.67413],
						"0.5833": [49.45891, 4.07831, 18.3478],
						"0.625": [12.51168, 9.56581, 24.46371],
						"0.6667": [65.42438, 16.66348, -22.43904],
						"0.7083": [126.50899, -14.92162, -91.8342],
						"0.9167": [126.51, -14.92, -91.83],
						"1.2083": [100.80325, -4.11104, -65.98503],
						"1.5": [14.98034, 21.54194, 23.022],
						"1.625": [14.98034, 21.54194, 23.022]
					},
					"position": {
						"0.0": [0.4156, 0.94634, 0.43923],
						"0.4167": [0.21, 1.94, -0.44],
						"0.5417": [0.21, 1.94, -0.44],
						"0.5833": [-0.64914, -3.51036, 5.38453],
						"0.625": [0.59226, -0.2945, 5.39101],
						"0.7083": [0.15202, 1.96968, -0.45436],
						"0.9167": [0.15, 1.97, -0.45],
						"1.5": [0.4156, 0.94634, 0.43923],
						"1.625": [0.4156, 0.94634, 0.43923]
					},
					"scale": {
						"0.0": [1, 1, 1],
						"0.4167": [1, 1, 1],
						"0.5417": [1, 1, 1],
						"0.625": [1, 1.33, 1],
						"0.9167": [1, 1, 1],
						"1.5": [1, 1, 1],
						"1.625": [1, 1, 1]
					}
				},
				"Hammer1": {
					"rotation": {
						"0.5": [0, 0, 0],
						"0.6667": [0, 0, 0],
						"0.7083": [-49.94207, -2.83102, -0.44338],
						"0.75": [-46.49724, 3.28732, -0.36301],
						"0.7917": [0, 0, 0]
					},
					"scale": {
						"0.5": [1, 1, 1],
						"0.625": [1, 1, 1.77],
						"0.7083": [1, 1, 3.86],
						"0.75": [1, 1, 1]
					}
				},
				"Hammer2": {
					"rotation": {
						"0.0": [0, 0, 0],
						"0.4167": [0, 0, 0],
						"1.2917": [0, 0, 0],
						"1.625": [0, 0, 0]
					},
					"position": {
						"0.0": [0, 0, 0],
						"0.4167": [0, 0, 0],
						"1.2917": [0, 0, 0],
						"1.625": [0, 0, 0]
					},
					"scale": {
						"0.0": [1, 1, 1],
						"0.4167": [1, 1, 1],
						"1.2917": [1, 1, 1],
						"1.625": [1, 1, 1]
					}
				},
				"RightFinger1": {
					"rotation": {
						"0.0": [-9.89875, -8.42145, 5.41207],
						"0.4167": [-9.9, -8.42, 5.41],
						"0.5": [-9.9, -8.42, 5.41],
						"0.75": [-9.9, -8.42, 5.41],
						"1.0417": [-9.9, -8.42, 5.41],
						"1.2917": [-9.89875, -8.42145, 5.41207],
						"1.625": [-9.89875, -8.42145, 5.41207]
					},
					"position": {
						"0.0": [0, 0, 0],
						"0.4167": [0, 0, 0],
						"0.5": [0, 0, 0],
						"0.75": [0, 0, 0],
						"1.0417": [0, 0, 0],
						"1.2917": [0, 0, 0],
						"1.625": [0, 0, 0]
					},
					"scale": {
						"0.0": [1, 1, 1],
						"0.4167": [1, 1, 1],
						"0.5": [1, 1, 1],
						"0.75": [1, 1, 1],
						"1.0417": [1, 1, 1],
						"1.2917": [1, 1, 1],
						"1.625": [1, 1, 1]
					}
				},
				"RightFinger2": {
					"rotation": {
						"0.0": [2.66399, -14.76689, -10.34527],
						"0.4167": [2.66, -14.77, -10.35],
						"1.2917": [2.66399, -14.76689, -10.34527],
						"1.625": [2.66399, -14.76689, -10.34527]
					},
					"position": {
						"0.0": [0, 0, 0],
						"0.4167": [0, 0, 0],
						"1.2917": [0, 0, 0],
						"1.625": [0, 0, 0]
					},
					"scale": {
						"0.0": [1, 1, 1],
						"0.4167": [1, 1, 1],
						"1.2917": [1, 1, 1],
						"1.625": [1, 1, 1]
					}
				},
				"RightFinger3": {
					"rotation": {
						"0.0": [-5.40668, -6.3494, -5.16022],
						"0.4167": [-5.41, -6.35, -5.16],
						"1.2917": [-5.40668, -6.3494, -5.16022],
						"1.625": [-5.40668, -6.3494, -5.16022]
					},
					"position": {
						"0.0": [0, 0, 0],
						"0.4167": [0, 0, 0],
						"1.2917": [0, 0, 0],
						"1.625": [0, 0, 0]
					},
					"scale": {
						"0.0": [1, 1, 1],
						"0.4167": [1, 1, 1],
						"1.2917": [1, 1, 1],
						"1.625": [1, 1, 1]
					}
				},
				"RightFinger4": {
					"rotation": {
						"0.0": [-14.76459, -10.18192, -8.40786],
						"0.4167": [-14.76, -10.18, -8.41],
						"0.5": [-14.76, -10.18, -8.41],
						"0.5417": [-14.76, -10.18, -8.41],
						"0.6667": [-14.76, -10.18, -8.41],
						"0.75": [-14.76, -10.18, -8.41],
						"1.0417": [-14.76, -10.18, -8.41],
						"1.2917": [-14.76459, -10.18192, -8.40786],
						"1.625": [-14.76459, -10.18192, -8.40786]
					},
					"position": {
						"0.0": [0, 0, 0],
						"0.4167": [0, 0, 0],
						"0.5": [0, 0, 0],
						"0.5417": [0, 0, 0],
						"0.6667": [0, 0, 0],
						"0.75": [0, 0, 0],
						"1.0417": [0, 0, 0],
						"1.2917": [0, 0, 0],
						"1.625": [0, 0, 0]
					},
					"scale": {
						"0.0": [1, 1, 1],
						"0.4167": [1, 1, 1],
						"0.5": [1, 1, 1],
						"0.5417": [1, 1, 1],
						"0.6667": [1, 1, 1],
						"0.75": [1, 1, 1],
						"1.0417": [1, 1, 1],
						"1.2917": [1, 1, 1],
						"1.625": [1, 1, 1]
					}
				}
			},
			"sound_effects": {
				"0.0": {
					"effect": "attack"
				}
			}
		},
		"animation.cyber_mech.idle": {
			"loop": true,
			"animation_length": 1.5,
			"bones": {
				"Body": {
					"rotation": {
						"0.0": [0, 0, 0],
						"0.75": [2, 0, 0],
						"1.5": [0, 0, 0]
					},
					"position": {
						"0.0": [0, 0, 0],
						"0.75": [0, 0, 0],
						"1.5": [0, 0, 0]
					},
					"scale": {
						"0.0": [1, 1, 1],
						"0.75": [1, 1, 1],
						"1.5": [1, 1, 1]
					}
				},
				"Breast": {
					"rotation": {
						"0.0": [0, 0, 0],
						"0.3333": [1.46212, -0.01614, 1.99993],
						"0.75": [1.0404, 0, 0],
						"0.8333": [0.92, 0, 0],
						"1.125": [0.80524, -0.02714, -0.99963],
						"1.5": [0, 0, 0]
					},
					"position": {
						"0.0": [0, 0, 0],
						"0.75": [0, 0, 0],
						"1.5": [0, 0, 0]
					},
					"scale": {
						"0.0": [1, 1, 1],
						"0.75": [1, 1, 1],
						"1.5": [1, 1, 1]
					}
				},
				"Helmet": {
					"rotation": {
						"0.0": [0, 0, 0],
						"0.3333": [-2.5, 0, -1],
						"0.75": [-2.5, 0, 1],
						"1.125": [-2.5, 0, 2],
						"1.5": [0, 0, 0]
					},
					"position": [0, 0, 0]
				},
				"LeftArm": {
					"rotation": {
						"0.0": [12.58556, -4.47094, 12.63842],
						"0.75": [12.52446, -4.37996, 9.64219],
						"1.5": [12.58556, -4.47094, 12.63842]
					},
					"position": {
						"0.0": [2.6, 0, 0],
						"0.75": [2.6, -0.4, 0],
						"1.5": [2.6, 0, 0]
					},
					"scale": {
						"0.0": [1, 1, 1],
						"0.75": [1, 1, 1],
						"1.5": [1, 1, 1]
					}
				},
				"LeftArm2": {
					"rotation": {
						"0.0": [33.68864, -7.75049, -3.62657],
						"0.3333": [36.51956, -4.73059, 2.14323],
						"0.75": [37.71864, -7.71559, -4.42643],
						"1.0833": [35.39753, -9.96636, -8.43147],
						"1.5": [33.68864, -7.75049, -3.62657]
					},
					"position": {
						"0.0": [0, 0, 0],
						"0.75": [0, 0, 0],
						"1.5": [0, 0, 0]
					},
					"scale": {
						"0.0": [1, 1, 1],
						"0.75": [1, 1, 1],
						"1.5": [1, 1, 1]
					}
				},
				"LeftHand": {
					"rotation": {
						"0.0": [-5.00491, 3.85841, 10.60571],
						"0.3333": [-4.55336, 7.86358, 13.61464],
						"0.75": [-5, 3.86, 10.61],
						"1.1667": [-5.02211, 3.64152, 10.42426],
						"1.5": [-5.00491, 3.85841, 10.60571]
					},
					"position": {
						"0.0": [0, 0, 0],
						"0.75": [0, 0, 0],
						"1.5": [0, 0, 0]
					},
					"scale": {
						"0.0": [1, 1, 1],
						"0.75": [1, 1, 1],
						"1.5": [1, 1, 1]
					}
				},
				"LeftFinger1": {
					"rotation": {
						"0.0": [-1.54944, 6.13407, 4.81657],
						"0.75": [-1.55, 6.13, 4.82],
						"1.5": [-1.54944, 6.13407, 4.81657]
					},
					"position": {
						"0.0": [0, 0, 0],
						"0.75": [0, 0, 0],
						"1.5": [0, 0, 0]
					},
					"scale": {
						"0.0": [1, 1, 1],
						"0.75": [1, 1, 1],
						"1.5": [1, 1, 1]
					}
				},
				"LeftFinger2": {
					"rotation": {
						"0.0": [-5.47893, -5.34854, -7.1238],
						"0.75": [-5.48, -5.35, -7.12],
						"1.5": [-5.47893, -5.34854, -7.1238]
					},
					"position": {
						"0.0": [0, 0, 0],
						"0.75": [0, 0, 0],
						"1.5": [0, 0, 0]
					},
					"scale": {
						"0.0": [1, 1, 1],
						"0.75": [1, 1, 1],
						"1.5": [1, 1, 1]
					}
				},
				"RightArm": {
					"rotation": {
						"0.0": [-33.7485, -26.33464, 2.85222],
						"0.3333": [-31.81165, -25.57771, 6.0203],
						"0.75": [-34.42226, -27.72913, 2.37773],
						"0.9167": [-26.69894, -26.76514, -3.96545],
						"1.5": [-33.7485, -26.33464, 2.85222]
					},
					"position": {
						"0.0": [0, -1, -2],
						"0.75": [0, -0.7, -2],
						"1.5": [0, -1, -2]
					},
					"scale": {
						"0.0": [1, 1, 1],
						"0.75": [1, 1, 1],
						"1.5": [1, 1, 1]
					}
				},
				"RightArm2": {
					"rotation": {
						"0.0": [10.18465, 9.95779, 6.05465],
						"0.75": [10.18, 9.96, 6.05],
						"1.5": [10.18465, 9.95779, 6.05465]
					},
					"position": {
						"0.0": [0, 0, 0],
						"0.75": [0, 0, 0],
						"1.5": [0, 0, 0]
					},
					"scale": {
						"0.0": [1, 1, 1],
						"0.75": [1, 1, 1],
						"1.5": [1, 1, 1]
					}
				},
				"RughtHand": {
					"rotation": {
						"0.0": [-38.43573, -16.43523, -1.58702],
						"0.75": [-39.5327, -16.68458, -2.26367],
						"0.875": [-38.66585, -16.59515, -1.5625],
						"1.0": [-45.88955, -16.81763, -0.33471],
						"1.5": [-38.43573, -16.43523, -1.58702]
					},
					"position": {
						"0.0": [0, 0, 0],
						"0.75": [0, 0, 0],
						"1.5": [0, 0, 0]
					},
					"scale": {
						"0.0": [1, 1, 1],
						"0.75": [1, 1, 1],
						"1.5": [1, 1, 1]
					}
				},
				"RightFinger1": {
					"rotation": {
						"0.0": [-9.89875, -8.42145, 5.41207],
						"0.4167": [-9.17347, -11.11109, 1.13406],
						"0.75": [0.6, -8.42, 5.41],
						"1.5": [-9.89875, -8.42145, 5.41207]
					},
					"position": {
						"0.0": [0, 0, 0],
						"0.75": [0, 0, 0],
						"1.5": [0, 0, 0]
					},
					"scale": {
						"0.0": [1, 1, 1],
						"0.75": [1, 1, 1],
						"1.5": [1, 1, 1]
					}
				},
				"RightFinger2": {
					"rotation": {
						"0.0": [2.66399, -14.76689, -10.34527],
						"0.75": [2.66, -14.77, -10.35],
						"1.5": [2.66399, -14.76689, -10.34527]
					},
					"position": {
						"0.0": [0, 0, 0],
						"0.75": [0, 0, 0],
						"1.5": [0, 0, 0]
					},
					"scale": {
						"0.0": [1, 1, 1],
						"0.75": [1, 1, 1],
						"1.5": [1, 1, 1]
					}
				},
				"RightFinger3": {
					"rotation": {
						"0.0": [-5.40668, -6.3494, -5.16022],
						"0.4167": [0.43899, -4.77493, -4.18839],
						"0.75": [-0.7936, -17.19688, -3.28857],
						"1.0833": [-3.74115, -16.21116, -3.46606],
						"1.5": [-5.40668, -6.3494, -5.16022]
					},
					"position": {
						"0.0": [0, 0, 0],
						"0.75": [0, 0, 0],
						"1.5": [0, 0, 0]
					},
					"scale": {
						"0.0": [1, 1, 1],
						"0.75": [1, 1, 1],
						"1.5": [1, 1, 1]
					}
				},
				"RightFinger4": {
					"rotation": {
						"0.0": [-14.76459, -10.18192, -8.40786],
						"0.2083": [-13.4654, 0.27297, -5.02791],
						"0.4167": [-6.85862, -0.75066, 1.87046],
						"0.75": [-1.76, -10.18, -8.41],
						"1.0833": [-15.56187, -20.80043, -5.42781],
						"1.5": [-14.76459, -10.18192, -8.40786]
					},
					"position": {
						"0.0": [0, 0, 0],
						"0.75": [0, 0, 0],
						"1.5": [0, 0, 0]
					},
					"scale": {
						"0.0": [1, 1, 1],
						"0.75": [1, 1, 1],
						"1.5": [1, 1, 1]
					}
				},
				"RightLeg": {
					"rotation": {
						"0.0": [0, 0, 0],
						"1.5": [0, 0, 0]
					}
				},
				"RightKnee": {
					"rotation": {
						"0.0": [0, 0, 0],
						"1.5": [0, 0, 0]
					},
					"position": {
						"0.0": [0, 0, 0],
						"0.75": [0, 0.4, 0],
						"1.5": [0, 0, 0]
					},
					"scale": {
						"0.0": [1, 1, 1],
						"1.5": [1, 1, 1]
					}
				},
				"RightFoot": {
					"rotation": {
						"0.0": [0, 0, 0],
						"1.5": [0, 0, 0]
					},
					"position": {
						"0.0": [0, 0, 0],
						"1.5": [0, 0, 0]
					},
					"scale": {
						"0.0": [1, 1, 1],
						"1.5": [1, 1, 1]
					}
				},
				"LeftLeg": {
					"rotation": {
						"0.0": [0, 0, 0],
						"1.5": [0, 0, 0]
					},
					"position": {
						"0.0": [0, 0, 0],
						"1.5": [0, 0, 0]
					},
					"scale": {
						"0.0": [1, 1, 1],
						"1.5": [1, 1, 1]
					}
				},
				"Hammer": {
					"rotation": {
						"0.0": [14.98034, 21.54194, 23.022],
						"0.75": [22.05424, 21.92555, 23.25865],
						"1.5": [14.98034, 21.54194, 23.022]
					},
					"position": {
						"0.0": [0.4156, 0.94634, 0.43923],
						"0.75": [0.42, 0.95, 0.44],
						"1.5": [0.4156, 0.94634, 0.43923]
					},
					"scale": {
						"0.0": [1, 1, 1],
						"0.75": [1, 1, 1],
						"1.5": [1, 1, 1]
					}
				},
				"Hammer2": {
					"rotation": {
						"0.0": [0, 0, 0],
						"0.75": [0, 0, 0],
						"1.5": [0, 0, 0]
					},
					"position": {
						"0.0": [0, 0, 0],
						"0.75": [0, 0, 0],
						"1.5": [0, 0, 0]
					},
					"scale": {
						"0.0": [1, 1, 1],
						"0.75": [1, 1, 1],
						"1.5": [1, 1, 1]
					}
				},
				"LeftKnee": {
					"rotation": {
						"0.0": [0, 0, 0],
						"1.5": [0, 0, 0]
					},
					"position": {
						"0.0": [0, 0, 0],
						"0.75": [0, 0.4, 0],
						"1.5": [0, 0, 0]
					}
				},
				"LeftFoot": {
					"rotation": {
						"0.0": [0, 0, 0],
						"1.5": [0, 0, 0]
					},
					"position": {
						"0.0": [0, 0, 0],
						"1.5": [0, 0, 0]
					},
					"scale": {
						"0.0": [1, 1, 1],
						"1.5": [1, 1, 1]
					}
				}
			}
		},
		"animation.cyber_mech.jump": {
			"loop": true,
			"animation_length": 2.75, 
			"bones": {
				"LeftArm": {
					"rotation": {
						"0.0": [12.58556, -4.47094, 12.63842],
						"0.25": [-20.25907, -4.62079, 0.43015],
						"0.5": [-19.4408, -0.42113, -0.38195],
						"0.75": [-55.76351, 12.8372, 5.32395],
						"1.0": [-15.77367, -4.13986, -6.69207],
						"1.2083": [5.08863, 23.78054, -5.01556],
						"1.5": [-9.69707, 4.42327, -22.48662],
						"1.6667": [-53.9172, 0.47987, 2.29767],
						"2.1667": [-20.05158, -5.48233, -1.92588],
						"2.75": [12.58556, -4.47094, 12.63842]
					},
					"position": {
						"0.0": [2.6, 0, 0],
						"0.25": [2.6, 0, 0],
						"0.5": [2.6, 0, 0],
						"0.75": [1.6, 0, -4],
						"1.0": [1.6, -1, 0],
						"1.3333": [2.6, 0, 0],
						"1.5": [2.6, 0, 0],
						"1.6667": [2.6, 0, 0],
						"2.1667": [2.6, 0, 0],
						"2.75": [2.6, 0, 0]
					},
					"scale": {
						"0.0": [1, 1, 1],
						"0.25": [1, 1, 1],
						"0.5": [1, 1, 1],
						"0.75": [1, 1, 1],
						"1.3333": [1, 1, 1],
						"1.5": [1, 1, 1],
						"1.6667": [1, 1, 1],
						"2.1667": [1, 1, 1],
						"2.75": [1, 1, 1]
					}
				},
				"LeftArm2": {
					"rotation": {
						"0.0": [33.68864, -7.75049, -3.62657],
						"0.125": [51.27949, -8.89345, -5.0423],
						"0.25": [38.87033, -10.03641, -6.45804],
						"0.375": [38.17496, -7.85175, -5.97371],
						"0.5": [42.47959, -5.66709, -5.48937],
						"0.625": [73.27467, -3.16103, -9.97062],
						"0.75": [44.06976, -0.65498, -14.45186],
						"0.875": [24.29702, -8.61537, -15.22701],
						"1.0": [44.52428, -16.57577, -16.00216],
						"1.2083": [13.68385, -7.42209, -5.22849],
						"1.5": [23.23427, 6.20154, -28.33655],
						"1.6667": [42.64629, 7.26821, 6.32373],
						"2.1667": [38.87033, -10.03641, -6.45804],
						"2.75": [33.68864, -7.75049, -3.62657]
					},
					"position": {
						"0.0": [0, 0, 0],
						"0.25": [0, 0, 0],
						"0.5": [0, 0, 0],
						"0.75": [0, 0, 0],
						"1.3333": [0, 0, 0],
						"1.5": [0, 0, 0],
						"1.6667": [0, 0, 0],
						"2.1667": [0, 0, 0],
						"2.75": [0, 0, 0]
					},
					"scale": {
						"0.0": [1, 1, 1],
						"0.25": [1, 1, 1],
						"0.5": [1, 1, 1],
						"0.75": [1, 1, 1],
						"1.3333": [1, 1, 1],
						"1.5": [1, 1, 1],
						"1.6667": [1, 1, 1],
						"2.1667": [1, 1, 1],
						"2.75": [1, 1, 1]
					}
				},
				"LeftHand": {
					"rotation": {
						"0.0": [-5.00491, 3.85841, 10.60571],
						"0.25": [25, 3.86, 10.61],
						"0.5": [-22.5, 3.86, 10.61],
						"0.75": [-5, 3.86, 10.61],
						"1.3333": [-5, 3.86, 10.61],
						"1.5": [-5, 3.86, 10.61],
						"1.6667": [-5, 3.86, 10.61],
						"2.1667": [-5, 3.86, 10.61],
						"2.75": [-5.00491, 3.85841, 10.60571]
					},
					"position": {
						"0.0": [0, 0, 0],
						"0.25": [0, 0, 0],
						"0.5": [0, 0, 0],
						"0.75": [0, 0, 0],
						"1.3333": [0, 0, 0],
						"1.5": [0, 0, 0],
						"1.6667": [0, 0, 0],
						"2.1667": [0, 0, 0],
						"2.75": [0, 0, 0]
					},
					"scale": {
						"0.0": [1, 1, 1],
						"0.25": [1, 1, 1],
						"0.5": [1, 1, 1],
						"0.75": [1, 1, 1],
						"1.3333": [1, 1, 1],
						"1.5": [1, 1, 1],
						"1.6667": [1, 1, 1],
						"2.1667": [1, 1, 1],
						"2.75": [1, 1, 1]
					}
				},
				"LeftFinger1": {
					"rotation": {
						"0.0": [-1.54944, 6.13407, 4.81657],
						"0.25": [-1.55, 6.13, 4.82],
						"0.5": [-1.55, 6.13, 4.82],
						"0.75": [-1.55, 6.13, 4.82],
						"1.3333": [-1.55, 6.13, 4.82],
						"1.5": [-1.55, 6.13, 4.82],
						"1.6667": [-1.55, 6.13, 4.82],
						"2.1667": [-1.55, 6.13, 4.82],
						"2.75": [-1.54944, 6.13407, 4.81657]
					},
					"position": {
						"0.0": [0, 0, 0],
						"0.25": [0, 0, 0],
						"0.5": [0, 0, 0],
						"0.75": [0, 0, 0],
						"1.3333": [0, 0, 0],
						"1.5": [0, 0, 0],
						"1.6667": [0, 0, 0],
						"2.1667": [0, 0, 0],
						"2.75": [0, 0, 0]
					},
					"scale": {
						"0.0": [1, 1, 1],
						"0.25": [1, 1, 1],
						"0.5": [1, 1, 1],
						"0.75": [1, 1, 1],
						"1.3333": [1, 1, 1],
						"1.5": [1, 1, 1],
						"1.6667": [1, 1, 1],
						"2.1667": [1, 1, 1],
						"2.75": [1, 1, 1]
					}
				},
				"LeftFinger2": {
					"rotation": {
						"0.0": [-5.47893, -5.34854, -7.1238],
						"0.25": [-5.48, -5.35, -7.12],
						"0.5": [-5.48, -5.35, -7.12],
						"0.75": [-5.48, -5.35, -7.12],
						"1.3333": [-5.48, -5.35, -7.12],
						"1.5": [-5.48, -5.35, -7.12],
						"1.6667": [-5.48, -5.35, -7.12],
						"2.1667": [-5.48, -5.35, -7.12],
						"2.75": [-5.47893, -5.34854, -7.1238]
					},
					"position": {
						"0.0": [0, 0, 0],
						"0.25": [0, 0, 0],
						"0.5": [0, 0, 0],
						"0.75": [0, 0, 0],
						"1.3333": [0, 0, 0],
						"1.5": [0, 0, 0],
						"1.6667": [0, 0, 0],
						"2.1667": [0, 0, 0],
						"2.75": [0, 0, 0]
					},
					"scale": {
						"0.0": [1, 1, 1],
						"0.25": [1, 1, 1],
						"0.5": [1, 1, 1],
						"0.75": [1, 1, 1],
						"1.3333": [1, 1, 1],
						"1.5": [1, 1, 1],
						"1.6667": [1, 1, 1],
						"2.1667": [1, 1, 1],
						"2.75": [1, 1, 1]
					}
				},
				"RightArm": {
					"rotation": {
						"0.0": [-33.7485, -26.33464, 2.85222],
						"0.25": [-31.87, -15.49, -5.45],
						"0.5": [-29.98577, -4.63656, -13.75238],
						"0.75": [-29.99, -4.64, -13.75],
						"1.0": [25.03001, 36.24976, 1.35143],
						"1.2083": [-14.97, 36.25, 1.35],
						"1.5": [-39.97, 36.25, 1.35],
						"1.6667": [-62.48577, -4.63656, -13.75238],
						"2.1667": [-31.87, -15.49, -5.45],
						"2.75": [-33.7485, -26.33464, 2.85222]
					},
					"position": {
						"0.0": [0, -1, -2],
						"0.25": [0, -1, -2],
						"0.5": [0, -1, -2],
						"0.75": [0, -1, -2],
						"1.3333": [0, -1, -2],
						"1.5": [0, -1, -2],
						"1.6667": [0, -1, -2],
						"2.1667": [0, -1, -2],
						"2.75": [0, -1, -2]
					},
					"scale": {
						"0.0": [1, 1, 1],
						"0.25": [1, 1, 1],
						"0.5": [1, 1, 1],
						"0.75": [1, 1, 1],
						"1.3333": [1, 1, 1],
						"1.5": [1, 1, 1],
						"1.6667": [1, 1, 1],
						"2.1667": [1, 1, 1],
						"2.75": [1, 1, 1]
					}
				},
				"RightArm2": {
					"rotation": {
						"0.0": [10.18465, 9.95779, 6.05465],
						"0.25": [10.18, 9.96, 6.05],
						"0.5": [10.18, 9.96, 6.05],
						"0.75": [10.18, 9.96, 6.05],
						"1.125": [10.18, 9.96, 6.05],
						"1.5": [10.18, 9.96, 6.05],
						"1.6667": [-19.82, 9.96, 6.05],
						"2.1667": [10.18, 9.96, 6.05],
						"2.75": [10.18465, 9.95779, 6.05465]
					},
					"position": {
						"0.0": [0, 0, 0],
						"0.25": [0, 0, 0],
						"0.5": [0, 0, 0],
						"0.75": [0, 0, 0],
						"1.3333": [0, 0, 0],
						"1.5": [0, 0, 0],
						"1.6667": [0, 0, 0],
						"2.1667": [0, 0, 0],
						"2.75": [0, 0, 0]
					},
					"scale": {
						"0.0": [1, 1, 1],
						"0.25": [1, 1, 1],
						"0.5": [1, 1, 1],
						"0.75": [1, 1, 1],
						"1.3333": [1, 1, 1],
						"1.5": [1, 1, 1],
						"1.6667": [1, 1, 1],
						"2.1667": [1, 1, 1],
						"2.75": [1, 1, 1]
					}
				},
				"RughtHand": {
					"rotation": {
						"0.0": [-38.43573, -16.43523, -1.58702],
						"0.25": [-25.94, -16.44, -1.59],
						"0.5": [-13.43573, -16.43523, -1.58702],
						"0.75": [3.90731, -3.96521, -0.70595],
						"1.0": [23.19019, 1.36284, -11.2306],
						"1.2083": [1.44626, -13.50554, -34.59114],
						"1.5": [-42.56, -12.62, -6.36],
						"1.6667": [-13.43573, -16.43523, -1.58702],
						"1.9167": [-9.68786, -16.43761, -1.58851],
						"2.1667": [-40.94, -16.44, -1.59],
						"2.3333": [-35.22449, -16.43864, -1.58915],
						"2.4583": [-38.68786, -16.43761, -1.58851],
						"2.75": [-38.43573, -16.43523, -1.58702]
					},
					"position": {
						"0.0": [0, 0, 0],
						"0.25": [0, 0, 0],
						"0.5": [0, 0, 0],
						"0.75": [0, 0, 0],
						"1.3333": [0, 0, 0],
						"1.5": [0, 0, 0],
						"1.6667": [0, 0, 0],
						"2.1667": [0, 0, 0],
						"2.75": [0, 0, 0]
					},
					"scale": {
						"0.0": [1, 1, 1],
						"0.25": [1, 1, 1],
						"0.5": [1, 1, 1],
						"0.75": [1, 1, 1],
						"1.3333": [1, 1, 1],
						"1.5": [1, 1, 1],
						"1.6667": [1, 1, 1],
						"2.1667": [1, 1, 1],
						"2.75": [1, 1, 1]
					}
				},
				"Hammer": {
					"rotation": {
						"0.0": [14.98034, 21.54194, 23.022],
						"0.25": [14.98, 21.54, 23.02],
						"0.5": [14.98, 21.54, 23.02],
						"0.75": [23.1362, -1.3511, 12.73631],
						"1.0": [28.09579, 3.81417, 26.0529],
						"1.3333": [14.98, 21.54, 23.02],
						"1.5": [14.98, 21.54, 23.02],
						"1.6667": [14.98, 21.54, 23.02],
						"1.8333": [22.48, 21.54, 23.02],
						"2.0": [8.73, 21.54, 23.02],
						"2.1667": [14.98, 21.54, 23.02],
						"2.75": [14.98034, 21.54194, 23.022]
					},
					"position": {
						"0.0": [0.4156, 0.94634, 0.43923],
						"0.25": [0.42, 0.95, 0.44],
						"0.5": [0.42, 0.95, 0.44],
						"0.75": [0.42, 0.95, 0.44],
						"1.3333": [0.42, 0.95, 0.44],
						"1.5": [0.42, 0.95, 0.44],
						"1.6667": [0.42, 0.95, 0.44],
						"2.1667": [0.42, 0.95, 0.44],
						"2.75": [0.4156, 0.94634, 0.43923]
					},
					"scale": {
						"0.0": [1, 1, 1],
						"0.25": [1, 1, 1],
						"0.5": [1, 1, 1],
						"0.75": [1, 1, 1],
						"1.3333": [1, 1, 1],
						"1.5": [1, 1, 1],
						"1.6667": [1, 1, 1],
						"2.1667": [1, 1, 1],
						"2.75": [1, 1, 1]
					}
				},
				"Hammer2": {
					"rotation": {
						"0.0": [0, 0, 0],
						"0.25": [0, 0, 0],
						"0.5": [0, 0, 0],
						"0.75": [0, 0, 0],
						"1.3333": [0, 0, 0],
						"1.5": [0, 0, 0],
						"1.6667": [0, 0, 0],
						"2.1667": [0, 0, 0],
						"2.75": [0, 0, 0]
					},
					"position": {
						"0.0": [0, 0, 0],
						"0.25": [0, 0, 0],
						"0.5": [0, 0, 0],
						"0.75": [0, 0, 0],
						"1.3333": [0, 0, 0],
						"1.5": [0, 0, 0],
						"1.6667": [0, 0, 0],
						"2.1667": [0, 0, 0],
						"2.75": [0, 0, 0]
					},
					"scale": {
						"0.0": [1, 1, 1],
						"0.25": [1, 1, 1],
						"0.5": [1, 1, 1],
						"0.75": [1, 1, 1],
						"1.3333": [1, 1, 1],
						"1.5": [1, 1, 1],
						"1.6667": [1, 1, 1],
						"2.1667": [1, 1, 1],
						"2.75": [1, 1, 1]
					}
				},
				"RightFinger1": {
					"rotation": {
						"0.0": [-9.89875, -8.42145, 5.41207],
						"0.25": [-9.9, -8.42, 5.41],
						"0.5": [-9.9, -8.42, 5.41],
						"0.75": [-9.9, -8.42, 5.41],
						"1.3333": [-9.9, -8.42, 5.41],
						"1.5": [-9.9, -8.42, 5.41],
						"1.6667": [-9.9, -8.42, 5.41],
						"2.1667": [-9.9, -8.42, 5.41],
						"2.75": [-9.89875, -8.42145, 5.41207]
					},
					"position": {
						"0.0": [0, 0, 0],
						"0.25": [0, 0, 0],
						"0.5": [0, 0, 0],
						"0.75": [0, 0, 0],
						"1.3333": [0, 0, 0],
						"1.5": [0, 0, 0],
						"1.6667": [0, 0, 0],
						"2.1667": [0, 0, 0],
						"2.75": [0, 0, 0]
					},
					"scale": {
						"0.0": [1, 1, 1],
						"0.25": [1, 1, 1],
						"0.5": [1, 1, 1],
						"0.75": [1, 1, 1],
						"1.3333": [1, 1, 1],
						"1.5": [1, 1, 1],
						"1.6667": [1, 1, 1],
						"2.1667": [1, 1, 1],
						"2.75": [1, 1, 1]
					}
				},
				"RightFinger2": {
					"rotation": {
						"0.0": [2.66399, -14.76689, -10.34527],
						"0.25": [2.66, -14.77, -10.35],
						"0.5": [2.66, -14.77, -10.35],
						"0.75": [2.66, -14.77, -10.35],
						"1.3333": [2.66, -14.77, -10.35],
						"1.5": [2.66, -14.77, -10.35],
						"1.6667": [2.66, -14.77, -10.35],
						"2.1667": [2.66, -14.77, -10.35],
						"2.75": [2.66399, -14.76689, -10.34527]
					},
					"position": {
						"0.0": [0, 0, 0],
						"0.25": [0, 0, 0],
						"0.5": [0, 0, 0],
						"0.75": [0, 0, 0],
						"1.3333": [0, 0, 0],
						"1.5": [0, 0, 0],
						"1.6667": [0, 0, 0],
						"2.1667": [0, 0, 0],
						"2.75": [0, 0, 0]
					},
					"scale": {
						"0.0": [1, 1, 1],
						"0.25": [1, 1, 1],
						"0.5": [1, 1, 1],
						"0.75": [1, 1, 1],
						"1.3333": [1, 1, 1],
						"1.5": [1, 1, 1],
						"1.6667": [1, 1, 1],
						"2.1667": [1, 1, 1],
						"2.75": [1, 1, 1]
					}
				},
				"RightFinger3": {
					"rotation": {
						"0.0": [-5.40668, -6.3494, -5.16022],
						"0.25": [-5.41, -6.35, -5.16],
						"0.5": [-5.41, -6.35, -5.16],
						"0.75": [-5.41, -6.35, -5.16],
						"1.3333": [-5.41, -6.35, -5.16],
						"1.5": [-5.41, -6.35, -5.16],
						"1.6667": [-5.41, -6.35, -5.16],
						"2.1667": [-5.41, -6.35, -5.16],
						"2.75": [-5.40668, -6.3494, -5.16022]
					},
					"position": {
						"0.0": [0, 0, 0],
						"0.25": [0, 0, 0],
						"0.5": [0, 0, 0],
						"0.75": [0, 0, 0],
						"1.3333": [0, 0, 0],
						"1.5": [0, 0, 0],
						"1.6667": [0, 0, 0],
						"2.1667": [0, 0, 0],
						"2.75": [0, 0, 0]
					},
					"scale": {
						"0.0": [1, 1, 1],
						"0.25": [1, 1, 1],
						"0.5": [1, 1, 1],
						"0.75": [1, 1, 1],
						"1.3333": [1, 1, 1],
						"1.5": [1, 1, 1],
						"1.6667": [1, 1, 1],
						"2.1667": [1, 1, 1],
						"2.75": [1, 1, 1]
					}
				},
				"RightFinger4": {
					"rotation": {
						"0.0": [-14.76459, -10.18192, -8.40786],
						"0.25": [-14.76, -10.18, -8.41],
						"0.5": [-14.76, -10.18, -8.41],
						"0.75": [-14.76, -10.18, -8.41],
						"1.3333": [-14.76, -10.18, -8.41],
						"1.5": [-14.76, -10.18, -8.41],
						"1.6667": [-14.76, -10.18, -8.41],
						"2.1667": [-14.76, -10.18, -8.41],
						"2.75": [-14.76459, -10.18192, -8.40786]
					},
					"position": {
						"0.0": [0, 0, 0],
						"0.25": [0, 0, 0],
						"0.5": [0, 0, 0],
						"0.75": [0, 0, 0],
						"1.3333": [0, 0, 0],
						"1.5": [0, 0, 0],
						"1.6667": [0, 0, 0],
						"2.1667": [0, 0, 0],
						"2.75": [0, 0, 0]
					},
					"scale": {
						"0.0": [1, 1, 1],
						"0.25": [1, 1, 1],
						"0.5": [1, 1, 1],
						"0.75": [1, 1, 1],
						"1.3333": [1, 1, 1],
						"1.5": [1, 1, 1],
						"1.6667": [1, 1, 1],
						"2.1667": [1, 1, 1],
						"2.75": [1, 1, 1]
					}
				},
				"RightLeg": {
					"rotation": {
						"0.0": [0, 0, 0],
						"0.25": [-22.53, -0.32, -0.18],
						"0.5": [-45.05122, -0.63737, -0.35069],
						"0.75": [-45.05, -0.64, -0.35],
						"1.0": [-24.32222, -6.92351, -9.14859],
						"1.3333": [-40.18, -1.67, 2.23],
						"1.5": [-25.18, -1.67, 2.23],
						"1.6667": [-45.05122, -0.63737, -0.35069],
						"2.1667": [-22.53, -0.32, -0.18],
						"2.75": [0, 0, 0]
					}
				},
				"RightKnee": {
					"rotation": {
						"0.0": [0, 0, 0],
						"0.25": [36.25, 0, 0],
						"0.5": [72.5, 0, 0],
						"0.75": [72.5, 0, 0],
						"1.0": [17.54097, 2.1817, -2.32383],
						"1.3333": [45.04, 2.18, -2.32],
						"1.5": [52.54, 2.18, -2.32],
						"1.6667": [72.5, 0, 0],
						"2.1667": [36.25, 0, 0],
						"2.75": [0, 0, 0]
					},
					"position": {
						"0.0": [0, 0, 0],
						"0.25": [0, 0, 0],
						"0.5": [0, 0, 0],
						"0.75": [0, 0, 0],
						"1.3333": [0, 0, 0],
						"1.5": [0, 0, 0],
						"1.6667": [0, 0, 0],
						"2.1667": [0, 0, 0],
						"2.75": [0, 0, 0]
					},
					"scale": {
						"0.0": [1, 1, 1],
						"0.25": [1, 1, 1],
						"0.5": [1, 1, 1],
						"0.75": [1, 1, 1],
						"1.0": [1, 1.2, 1],
						"1.1667": [1, 1, 1],
						"1.3333": [1, 1, 1],
						"1.5": [1, 1, 1],
						"1.6667": [1, 1, 1],
						"2.1667": [1, 1, 1],
						"2.75": [1, 1, 1]
					}
				},
				"RightFoot": {
					"rotation": {
						"0.0": [0, 0, 0],
						"0.25": [-13.67, 0.62, -0.04],
						"0.5": [-27.34508, 1.23619, -0.07759],
						"0.75": [-27.35, 1.24, -0.08],
						"1.0": [47.43126, -2.0438, 4.59451],
						"1.3333": [47.43, -2.04, 4.59],
						"1.5": [47.43, -2.04, 4.59],
						"1.6667": [-27.34508, 1.23619, -0.07759],
						"2.1667": [-13.67, 0.62, -0.04],
						"2.75": [0, 0, 0]
					},
					"position": {
						"0.0": [0, 0, 0],
						"0.25": [0, 0, 0],
						"0.5": [0, 0, 0],
						"0.75": [0, 0, 0],
						"1.3333": [0, 0, 0],
						"1.5": [0, 0, 0],
						"1.6667": [0, 0, 0],
						"2.1667": [0, 0, 0],
						"2.75": [0, 0, 0]
					},
					"scale": {
						"0.0": [1, 1, 1],
						"0.25": [1, 1, 1],
						"0.5": [1, 1, 1],
						"0.75": [1, 1, 1],
						"1.3333": [1, 1, 1],
						"1.5": [1, 1, 1],
						"1.6667": [1, 1, 1],
						"2.1667": [1, 1, 1],
						"2.75": [1, 1, 1]
					}
				},
				"LeftLeg": {
					"rotation": {
						"0.0": [0, 0, 0],
						"0.25": [-25, 0, 0],
						"0.5": [-50, 0, 0],
						"0.75": [-50, 0, 0],
						"1.0": [4.95744, -0.65182, 7.47178],
						"1.3333": [5, 0, 0],
						"1.5": [5, 0, 0],
						"1.6667": [-50, 0, 0],
						"2.1667": [-25, 0, 0],
						"2.75": [0, 0, 0]
					},
					"position": {
						"0.0": [0, 0, 0],
						"0.25": [0, 0, 0],
						"0.5": [0, 0, 0],
						"0.75": [0, 0, 0],
						"1.3333": [0, 0, 0],
						"1.5": [0, 0, 0],
						"1.6667": [0, 0, 0],
						"2.1667": [0, 0, 0],
						"2.75": [0, 0, 0]
					},
					"scale": {
						"0.0": [1, 1, 1],
						"0.25": [1, 1, 1],
						"0.5": [1, 1, 1],
						"0.75": [1, 1, 1],
						"1.3333": [1, 1, 1],
						"1.5": [1, 1, 1],
						"1.6667": [1, 1, 1],
						"2.1667": [1, 1, 1],
						"2.75": [1, 1, 1]
					}
				},
				"LeftKnee": {
					"rotation": {
						"0.0": [0, 0, 0],
						"0.25": [40, 0, 0],
						"0.5": [80, 0, 0],
						"0.75": [80, 0, 0],
						"1.0": [-5, 0, 0],
						"1.3333": [-5, 0, 0],
						"1.5": [-5, 0, 0],
						"1.6667": [80, 0, 0],
						"2.1667": [40, 0, 0],
						"2.75": [0, 0, 0]
					},
					"position": {
						"0.0": [0, 0, 0],
						"0.25": [0, 0, 0],
						"0.5": [0, 0, 0],
						"0.75": [0, 0, 0],
						"1.3333": [0, 0, 0],
						"1.5": [0, 0, 0],
						"1.6667": [0, 0, 0],
						"2.1667": [0, 0, 0],
						"2.75": [0, 0, 0]
					},
					"scale": {
						"0.0": [1, 1, 1],
						"0.75": [1, 1, 1],
						"1.0": [1, 1.2, 1],
						"1.1667": [1, 1, 1],
						"2.75": [1, 1, 1]
					}
				},
				"LeftFoot": {
					"rotation": {
						"0.0": [0, 0, 0],
						"0.25": [-15, 0, 0],
						"0.5": [-30, 0, 0],
						"0.75": [-30, 0, 0],
						"1.0": [52.5, 0, 0],
						"1.3333": [52.5, 0, 0],
						"1.5": [52.5, 0, 0],
						"1.6667": [-30, 0, 0],
						"2.1667": [-15, 0, 0],
						"2.75": [0, 0, 0]
					},
					"position": {
						"0.0": [0, 0, 0],
						"0.25": [0, 0, 0],
						"0.5": [0, 0, 0],
						"0.75": [0, 0, 0],
						"1.3333": [0, 0, 0],
						"1.5": [0, 0, 0],
						"1.6667": [0, 0, 0],
						"2.1667": [0, 0, 0],
						"2.75": [0, 0, 0]
					},
					"scale": {
						"0.0": [1, 1, 1],
						"0.25": [1, 1, 1],
						"0.5": [1, 1, 1],
						"0.75": [1, 1, 1],
						"1.3333": [1, 1, 1],
						"1.5": [1, 1, 1],
						"1.6667": [1, 1, 1],
						"2.1667": [1, 1, 1],
						"2.75": [1, 1, 1]
					}
				}
			},
			"sound_effects": {
				"0.0": {
					"effect": "jump"
				}
			}
		}
	}
}