{
	"format_version": "1.8.0",
	"animations": {
		"animation.mirage_maker.shoot": {
			"animation_length": 4.5,
			"bones": {
				"Full1": {
					"rotation": {
						"0.0": [0, 0, 0],
						"1.5": [0, 0, 0],
						"1.625": [0, 0, 0],
						"3.0": [0, 0, 0],
						"4.5": [0, 0, 0]
					},
					"position": {
						"0.0": [0, 0, 0],
						"1.5": [0, 0, 0],
						"1.625": [0, 0, 0],
						"3.0": [0, 0, 0],
						"4.5": [0, 0, 0]
					},
					"scale": {
						"0.0": [1, 1, 1],
						"1.5": [1, 1, 1],
						"1.625": [1, 1, 1],
						"3.0": [1, 1, 1],
						"4.5": [1, 1, 1]
					}
				},
				"Full2": {
					"rotation": {
						"0.0": [0, 0, 0],
						"1.5": [0, 0, 0],
						"1.625": [0, 0, 0],
						"3.0": [0, 0, 0],
						"4.5": [0, 0, 0]
					},
					"position": {
						"0.0": [0, 0, 0],
						"1.5": [0, 0, 0],
						"1.625": [0, 0, 0],
						"3.0": [0, 0, 0],
						"4.5": [0, 0, 0]
					},
					"scale": {
						"0.0": [1, 1, 1],
						"1.5": [1, 1, 1],
						"1.625": [1, 1, 1],
						"3.0": [1, 1, 1],
						"4.5": [1, 1, 1]
					}
				},
				"Gun": {
					"rotation": {
						"0.0": [0, 0, 0],
						"0.2083": [0, -2, 0],
						"1.5": [-3.18434, 0.02705, 0.9731],
						"1.625": [-3.18434, 0.02705, 0.9731],
						"3.0": [-3.18, 0.03, 0.97],
						"4.5": [0, 0, 0]
					},
					"position": {
						"0.0": [0, 0, 0],
						"1.5": [0, 0, 0],
						"1.625": [0, 0, 0],
						"3.0": [0, 0, 0],
						"4.5": [0, 0, 0]
					},
					"scale": {
						"0.0": [1, 1, 1],
						"1.5": [1, 1, 1],
						"1.625": [1, 1, 1],
						"3.0": [1, 1, 1],
						"4.5": [1, 1, 1]
					}
				},
				"GunUpDown": {
					"rotation": {
						"0.0": [0, 0, 0],
						"0.0833": [1.35, 0, 0],
						"0.4167": [-9.9, 0, 0],
						"0.6667": [-13.25, 0, 0],
						"1.0": [-15, 0, 0],
						"1.25": [-14, 0, 0],
						"1.5": [-14, 0, 0],
						"1.625": [-14, 0, 0],
						"3.0": [-14, 0, 0],
						"4.5": [0, 0, 0]
					},
					"position": {
						"0.0": [0, 0, 0],
						"1.5": [0, 0, 0],
						"1.625": [0, 0, 0],
						"3.0": [0, 0, 0],
						"4.5": [0, 0, 0]
					},
					"scale": {
						"0.0": [1, 1, 1],
						"1.5": [1, 1, 1],
						"1.625": [1, 1, 1],
						"3.0": [1, 1, 1],
						"4.5": [1, 1, 1]
					}
				},
				"FrontLeftCaterpillar": {
					"rotation": {
						"0.0": [0, 0, 0],
						"1.5": [0, 0, 0],
						"1.625": [0, 0, 0],
						"3.0": [0, 0, 0],
						"4.5": [0, 0, 0]
					},
					"position": {
						"0.0": [0, 0, 0],
						"1.5": [0, 0, 0],
						"1.625": [0, 0, 0],
						"3.0": [0, 0, 0],
						"4.5": [0, 0, 0]
					},
					"scale": {
						"0.0": [1, 1, 1],
						"1.5": [1, 1, 1],
						"1.625": [1, 1, 1],
						"3.0": [1, 1, 1],
						"4.5": [1, 1, 1]
					}
				},
				"FrontRightCaterpillar": {
					"rotation": {
						"0.0": [0, 0, 0],
						"1.5": [0, 0, 0],
						"1.625": [0, 0, 0],
						"3.0": [0, 0, 0],
						"4.5": [0, 0, 0]
					},
					"position": {
						"0.0": [0, 0, 0],
						"1.5": [0, 0, 0],
						"1.625": [0, 0, 0],
						"3.0": [0, 0, 0],
						"4.5": [0, 0, 0]
					},
					"scale": {
						"0.0": [1, 1, 1],
						"1.5": [1, 1, 1],
						"1.625": [1, 1, 1],
						"3.0": [1, 1, 1],
						"4.5": [1, 1, 1]
					}
				},
				"BackLeftCaterpillar": {
					"rotation": {
						"0.0": [0, 0, 0],
						"1.5": [0, 0, 0],
						"1.625": [0, 0, 0],
						"3.0": [0, 0, 0],
						"4.5": [0, 0, 0]
					},
					"position": {
						"0.0": [0, 0, 0],
						"1.5": [0, 0, 0],
						"1.625": [0, 0, 0],
						"3.0": [0, 0, 0],
						"4.5": [0, 0, 0]
					},
					"scale": {
						"0.0": [1, 1, 1],
						"1.5": [1, 1, 1],
						"1.625": [1, 1, 1],
						"3.0": [1, 1, 1],
						"4.5": [1, 1, 1]
					}
				},
				"BackRightCaterpillar": {
					"rotation": {
						"0.0": [0, 0, 0],
						"1.5": [0, 0, 0],
						"1.625": [0, 0, 0],
						"3.0": [0, 0, 0],
						"4.5": [0, 0, 0]
					},
					"position": {
						"0.0": [0, 0, 0],
						"1.5": [0, 0, 0],
						"1.625": [0, 0, 0],
						"3.0": [0, 0, 0],
						"4.5": [0, 0, 0]
					},
					"scale": {
						"0.0": [1, 1, 1],
						"1.5": [1, 1, 1],
						"1.625": [1, 1, 1],
						"3.0": [1, 1, 1],
						"4.5": [1, 1, 1]
					}
				}
			},
			"sound_effects": {
				"0.0": {
					"effect": "shoot"
				} 
			}
		},
		"animation.mirage_maker.idle": {
			"loop": true,
			"animation_length": 1,
			"bones": {
				"Full1": {
					"rotation": {
						"0.0": [0, 0, 0],
						"1.0": [0, 0, 0]
					},
					"position": {
						"0.0": [0, 0, 0],
						"1.0": [0, 0, 0]
					},
					"scale": {
						"0.0": [1, 1, 1],
						"1.0": [1, 1, 1]
					}
				},
				"Full2": {
					"rotation": {
						"0.0": [0, 0, 0],
						"1.0": [0, 0, 0]
					},
					"position": {
						"0.0": [0, 0, 0],
						"0.5": [0, -0.5, 0],
						"1.0": [0, 0, 0]
					},
					"scale": {
						"0.0": [1, 1, 1],
						"1.0": [1, 1, 1]
					}
				},
				"Gun": {
					"rotation": {
						"0.0": [0, 0, 0],
						"0.25": [0.25, 0, 0],
						"0.5": [0.5, 0, 0],
						"0.75": [0.4, 0, 0],
						"1.0": [0, 0, 0]
					},
					"position": {
						"0.0": [0, 0, 0],
						"1.0": [0, 0, 0]
					},
					"scale": {
						"0.0": [1, 1, 1],
						"1.0": [1, 1, 1]
					}
				},
				"GunUpDown": {
					"rotation": {
						"0.0": [0, 0, 0],
						"0.5": [0.5, 0, 0],
						"1.0": [0, 0, 0]
					},
					"position": {
						"0.0": [0, 0, 0],
						"1.0": [0, 0, 0]
					},
					"scale": {
						"0.0": [1, 1, 1],
						"1.0": [1, 1, 1]
					}
				},
				"Gun1": {
					"rotation": {
						"0.0": [0, 0, 0],
						"1.0": [0, 0, 0]
					},
					"position": {
						"0.0": [0, 0, 0],
						"1.0": [0, 0, 0]
					},
					"scale": {
						"0.0": [1, 1, 1],
						"1.0": [1, 1, 1]
					}
				},
				"Attack1": {
					"rotation": {
						"0.0": [0, 0, 0],
						"1.0": [0, 0, 0]
					},
					"position": {
						"0.0": [0, 0, 0],
						"1.0": [0, 0, 0]
					},
					"scale": {
						"0.0": [1, 1, 1],
						"1.0": [1, 1, 1]
					}
				},
				"Attack1_2": {
					"rotation": {
						"0.0": [0, 0, 0],
						"1.0": [0, 0, 0]
					},
					"position": {
						"0.0": [0, 0, 0],
						"1.0": [0, 0, 0]
					},
					"scale": {
						"0.0": [1, 1, 1],
						"1.0": [1, 1, 1]
					}
				},
				"Gun2": {
					"rotation": {
						"0.0": [0, 0, 0],
						"1.0": [0, 0, 0]
					},
					"position": {
						"0.0": [0, 0, 0],
						"1.0": [0, 0, 0]
					},
					"scale": {
						"0.0": [1, 1, 1],
						"1.0": [1, 1, 1]
					}
				},
				"Attack2": {
					"rotation": {
						"0.0": [0, 0, 0],
						"1.0": [0, 0, 0]
					},
					"position": {
						"0.0": [0, 0, 0],
						"1.0": [0, 0, 0]
					},
					"scale": {
						"0.0": [1, 1, 1],
						"1.0": [1, 1, 1]
					}
				},
				"Attack2_2": {
					"rotation": {
						"0.0": [0, 0, 0],
						"1.0": [0, 0, 0]
					},
					"position": {
						"0.0": [0, 0, 0],
						"1.0": [0, 0, 0]
					},
					"scale": {
						"0.0": [1, 1, 1],
						"1.0": [1, 1, 1]
					}
				},
				"Gun3": {
					"rotation": {
						"0.0": [0, 0, 0],
						"1.0": [0, 0, 0]
					},
					"position": {
						"0.0": [0, 0, 0],
						"1.0": [0, 0, 0]
					},
					"scale": {
						"0.0": [1, 1, 1],
						"1.0": [1, 1, 1]
					}
				},
				"Attack3": {
					"rotation": {
						"0.0": [0, 0, 0],
						"1.0": [0, 0, 0]
					},
					"position": {
						"0.0": [0, 0, 0],
						"1.0": [0, 0, 0]
					},
					"scale": {
						"0.0": [1, 1, 1],
						"1.0": [1, 1, 1]
					}
				},
				"Attack3_2": {
					"rotation": {
						"0.0": [0, 0, 0],
						"1.0": [0, 0, 0]
					},
					"position": {
						"0.0": [0, 0, 0],
						"1.0": [0, 0, 0]
					},
					"scale": {
						"0.0": [1, 1, 1],
						"1.0": [1, 1, 1]
					}
				},
				"FrontLeftCaterpillar": {
					"rotation": {
						"0.0": [0, 0, 0],
						"0.5": [0.2, 0, 0],
						"1.0": [0, 0, 0]
					},
					"position": {
						"0.0": [0, 0, 0],
						"0.5": [0, 0.3, 0],
						"1.0": [0, 0, 0]
					},
					"scale": {
						"0.0": [1, 1, 1],
						"1.0": [1, 1, 1]
					}
				},
				"FrontRightCaterpillar": {
					"rotation": {
						"0.0": [0, 0, 0],
						"0.5": [0.2, 0, 0],
						"1.0": [0, 0, 0]
					},
					"position": {
						"0.0": [0, 0, 0],
						"0.5": [0, 0.3, 0],
						"1.0": [0, 0, 0]
					},
					"scale": {
						"0.0": [1, 1, 1],
						"1.0": [1, 1, 1]
					}
				},
				"BackLeftCaterpillar": {
					"rotation": {
						"0.0": [0, 0, 0],
						"0.5": [-0.2, 0, 0],
						"1.0": [0, 0, 0]
					},
					"position": {
						"0.0": [0, 0, 0],
						"0.5": [0, 0.2, 0],
						"1.0": [0, 0, 0]
					},
					"scale": {
						"0.0": [1, 1, 1],
						"1.0": [1, 1, 1]
					}
				},
				"BackRightCaterpillar": {
					"rotation": {
						"0.0": [0, 0, 0],
						"0.5": [-0.2, 0, 0],
						"1.0": [0, 0, 0]
					},
					"position": {
						"0.0": [0, 0, 0],
						"0.5": [0, 0.2, 0],
						"1.0": [0, 0, 0]
					},
					"scale": {
						"0.0": [1, 1, 1],
						"1.0": [1, 1, 1]
					}
				}
			}
		}
	}
}