{
	"format_version": "1.8.0",
	"animations": {
		"animation.motorcycle.idle": {
			"loop": true,
			"bones": {
				"bone2": {
					"rotation": [40, 0, 0],
					"position": [0, 9, 3]
				},
				"rightLeg": {
					"rotation": [-12.17875, -12.57535, -19.34923],
					"position": [2.5, 2, -1]
				},
				"leftLeg": {
					"rotation": [-26.06663, 9.08661, 25.39244],
					"position": [-1.7, 2, 1]
				},
				"rightArm": {
					"rotation": [-115.76926, -13.56626, 6.46066]
				},
				"leftArm": {
					"rotation": [-115.76926, 13.56626, -6.46066]
				},
				"head": {
					"rotation": [-42.5, 0, 0]
				},
				"body": {
					"rotation": [10, 0, 0]
				}
			}
		},
		"animation.motorcycle.particle": {
			"loop": true,
			"animation_length": 0.01,
			"particle_effects": {
				"0.0": {
					"effect": "p1",
					"locator": "locator" 
				}
			}
		},
		"animation.motorcycle.sound": {
			"loop": true,
			"animation_length": 1,
			"sound_effects": {
				"0.0": {
					"effect": "loop"
				}
			}
		},
		"animation.motorcycle.forward": {
			"loop": true,
			"animation_length": 1,
			"bones": {
				"bone2": {
					"rotation": [40, 0, 0],
					"position": {
						"0.0": [0, 9, 3],
						"0.2": [0, 9.5, 3],
						"0.48": [0, 9, 3],
						"0.76": [0, 9.5, 3],
						"1.0": [0, 9, 3]
					}
				},
				"rightLeg": {
					"rotation": {
						"0.0": [-12.17875, -12.57535, -19.34923],
						"0.24": [-17.17875, -12.57535, -19.34923],
						"0.48": [-12.17875, -12.57535, -19.34923],
						"0.76": [-17.17875, -12.57535, -19.34923],
						"1.0": [-12.17875, -12.57535, -19.34923]
					},
					"position": [2.5, 2, 0]
				},
				"leftLeg": {
					"rotation": {
						"0.0": [-26.06663, 9.08661, 25.39244],
						"0.24": [-21.06663, 9.08661, 25.39244],
						"0.48": [-26.06663, 9.08661, 25.39244],
						"0.76": [-21.06663, 9.08661, 25.39244],
						"1.0": [-26.06663, 9.08661, 25.39244]
					},
					"position": [-1.7, 2, 1]
				},
				"rightArm": {
					"rotation": {
						"0.0": [-115.76926, -13.56626, 6.46066],
						"0.2": [-110.76926, -13.56626, 6.46066],
						"0.48": [-115.76926, -13.56626, 6.46066],
						"0.76": [-110.76926, -13.56626, 6.46066],
						"1.0": [-115.76926, -13.56626, 6.46066]
					}
				},
				"leftArm": {
					"rotation": {
						"0.0": [-115.76926, 13.56626, -6.46066],
						"0.2": [-110.76926, 13.56626, -6.46066],
						"0.48": [-118.26926, 13.56626, -6.46066],
						"0.76": [-110.76926, 13.56626, -6.46066],
						"1.0": [-118.26926, 13.56626, -6.46066]
					}
				},
				"head": {
					"rotation": {
						"0.0": [-42.5, 0, 0],
						"0.24": [-45, 0, 0],
						"0.48": [-42.5, 0, 0],
						"0.76": [-45, 0, 0],
						"1.0": [-42.5, 0, 0]
					}
				},
				"bone": {
					"rotation": {
						"0.0": [0, 0, 0],
						"1.0": [0, 0, 0]
					},
					"position": {
						"0.0": [0, 0, 0],
						"0.2": [0, 0.5, 0],
						"0.48": [0, 0, 0],
						"0.76": [0, 0.5, 0],
						"1.0": [0, 0, 0]
					}
				},
				"body": {
					"rotation": [10, 0, 0]
				}
			}
		},
		"animation.motorcycle.left": {
			"loop": true,
			"animation_length": 1,
			"bones": {
				"bone2": {
					"rotation": [40, 0, 0],
					"position": [0, 9, 3]
				},
				"rightLeg": {
					"rotation": {
						"0.0": [-11.4245, 20.2251, -53.7858],
						"0.24": [1.07658, 20.22628, -53.78681],
						"0.48": [-15.36971, 20.22745, -53.78782],
						"0.72": [-1.04677, 20.22863, -53.78882],
						"1.0": [-11.42, 20.23, -53.79]
					},
					"position": {
						"0.0": [2.5, 2, 0],
						"1.0": [2.5, 2, 0]
					}
				},
				"leftLeg": {
					"rotation": {
						"0.0": [-26.06663, 9.08661, 25.39244],
						"0.24": [-25.25766, 11.2531, 29.97096],
						"0.48": [-26.06663, 9.08661, 25.39244],
						"0.72": [-23.70348, 14.36495, 36.97028],
						"1.0": [-26.06663, 9.08661, 25.39244]
					},
					"position": [-1.7, 2, 1]
				},
				"rightArm": {
					"rotation": {
						"0.0": [-232.5481, -45.9738, 151.1555],
						"0.24": [-237.68777, -37.75544, 158.83071],
						"0.48": [-229.04618, -49.85116, 146.44061],
						"0.72": [-241.06197, -29.14087, 164.93116],
						"1.0": [-232.5481, -45.9738, 151.1555]
					}
				},
				"leftArm": {
					"rotation": [-115.76926, 13.56626, -6.46066]
				},
				"head": {
					"rotation": {
						"0.0": [-22.60755, -20.4844, 5.9485],
						"0.24": [-32.60755, -20.4844, 5.9485],
						"0.48": [-22.60755, -20.4844, 5.9485],
						"0.72": [-35.10755, -20.4844, 5.9485],
						"1.0": [-22.60755, -20.4844, 5.9485]
					}
				},
				"bone": {
					"rotation": [0, 0, 37.5],
					"position": {
						"0.0": [0, 0, 0],
						"0.24": [0, 1, 0],
						"0.48": [0, 0, 0],
						"0.72": [0, 1, 0],
						"1.0": [0, 0, 0]
					}
				},
				"body": {
					"rotation": [0, -25, 0]
				}
			}
		},
		"animation.motorcycle.right": {
			"loop": true,
			"animation_length": 1,
			"bones": {
				"bone2": {
					"rotation": [40, 0, 0],
					"position": [0, 9, 3]
				},
				"rightLeg": {
					"rotation": {
						"0.0": [-12.17875, -12.57535, -19.34923],
						"0.24": [-8.49716, -15.28354, -34.55402],
						"0.52": [-11.04019, -13.58221, -24.37739],
						"0.76": [-9.81014, -14.48758, -29.44621],
						"1.0": [-12.17875, -12.57535, -19.34923]
					},
					"position": [2.5, 2, 0]
				},
				"leftLeg": {
					"rotation": {
						"0.0": [11.42453, 20.22506, 53.7858],
						"0.24": [29.39099, 18.23899, 63.61398],
						"0.52": [11.42453, 20.22506, 53.7858],
						"0.76": [29.39099, 18.23899, 63.61398],
						"1.0": [11.42453, 20.22506, 53.7858]
					},
					"position": [-1.7, 2, 1]
				},
				"rightArm": {
					"rotation": [-115.76926, -13.56626, 6.46066]
				},
				"leftArm": {
					"rotation": {
						"0.0": [-232.5481, 45.97382, -151.15548],
						"0.24": [-270.04131, 35.97382, -151.14516],
						"0.52": [-233.32258, 38.24704, -159.73852],
						"0.76": [-250.77847, 50.7208, -148.78927],
						"1.0": [-232.5481, 45.97382, -151.15548]
					}
				},
				"head": {
					"rotation": {
						"0.0": [-22.60755, 20.4844, -5.94851],
						"0.24": [-30.10755, 20.4844, -5.94851],
						"0.52": [-20.10755, 20.4844, -5.94851],
						"0.76": [-37.60755, 20.4844, -5.94851],
						"1.0": [-22.60755, 20.4844, -5.94851]
					}
				},
				"bone": {
					"rotation": {
						"0.0": [0, 0, -37.5],
						"1.0": [0, 0, -37.5]
					},
					"position": {
						"0.0": [0, 0, 0],
						"0.24": [0, 1, 0],
						"0.52": [0, 0, 0],
						"0.76": [0, 1, 0],
						"1.0": [0, 0, 0]
					}
				},
				"body": {
					"rotation": [0, 25, 0]
				}
			}
		}
	}
}