{
	"format_version": "1.8.0",
	"animations": {
		"animation.nova_sprinter.start": {
			"loop": false,
			"animation_length": 0.62,
			"particle_effects": {
				"0.0": [
					{
						"effect": "p1",
						"locator": "locator"
					},
					{
						"effect": "p1",
						"locator": "locator2"
					}
				]
			},
			"sound_effects": {
				"0.0": {
					"effect": "start"
				}
			}
		},
		"animation.nova_sprinter.stop": {
			"loop": false,
			"animation_length": 1.64,
			"sound_effects": {
				"0.0": {
					"effect": "stop"
				}
			}
		},
		"animation.nova_sprinter.move": {
			"loop": true,
			"animation_length": 2,
			"particle_effects": {
				"0.0": [
					{
						"effect": "p1",
						"locator": "locator"
					},
					{
						"effect": "p1",
						"locator": "locator2"
					},
					{
						"effect": "p2",
						"locator": "locator3"
					},
					{
						"effect": "p2",
						"locator": "locator4"
					},
					{
						"effect": "p2",
						"locator": "locator5"
					},
					{
						"effect": "p2",
						"locator": "locator6"
					}
				],
				"0.5": [
					{
						"effect": "p1",
						"locator": "locator"
					},
					{
						"effect": "p1",
						"locator": "locator2"
					},
					{
						"effect": "p2",
						"locator": "locator3"
					},
					{
						"effect": "p2",
						"locator": "locator4"
					},
					{
						"effect": "p2",
						"locator": "locator5"
					},
					{
						"effect": "p2",
						"locator": "locator6"
					}
				],
				"1.0": [
					{
						"effect": "p1",
						"locator": "locator"
					},
					{
						"effect": "p1",
						"locator": "locator2"
					},
					{
						"effect": "p2",
						"locator": "locator3"
					},
					{
						"effect": "p2",
						"locator": "locator4"
					},
					{
						"effect": "p2",
						"locator": "locator5"
					},
					{
						"effect": "p2",
						"locator": "locator6"
					}
				],
				"1.5": [
					{
						"effect": "p1",
						"locator": "locator"
					},
					{
						"effect": "p1",
						"locator": "locator2"
					},
					{
						"effect": "p2",
						"locator": "locator3"
					},
					{
						"effect": "p2",
						"locator": "locator4"
					},
					{
						"effect": "p2",
						"locator": "locator5"
					},
					{
						"effect": "p2",
						"locator": "locator6"
					}
				]
			},
			"sound_effects": {
				"0.0": {
					"effect": "loop"
				}
			}
		},
		"animation.nova_sprinter.idle": {
			"loop": true
		}
	}
}