{
	"format_version": "1.8.0",
	"animations": {
		"animation.orbital_auto.idle": {
			"loop": true,
			"animation_length": 1,
			"bones": {
				"Spoiler": {
					"rotation": {
						"0.0": [0, 0, 0],
						"0.5": [-1, 0, 0],
						"1.0": [0, 0, 0]
					},
					"position": [0, 0, 0],
					"scale": [1, 1, 1]
				},
				"LeftDoor": {
					"rotation": [0, 0, 0],
					"position": [0, 0, 0],
					"scale": [1, 1, 1]
				},
				"RightDoor": {
					"rotation": [0, 0, 0],
					"position": [0, 0, 0],
					"scale": [1, 1, 1]
				},
				"JetsAndEngine": {
					"rotation": [0, 0, 0],
					"position": [0, 0, 0],
					"scale": [1, 1, 1]
				},
				"LeftJetsEngine": {
					"rotation": {
						"0.0": [0, 0, 0],
						"0.5": [0, 0, 3],
						"1.0": [0, 0, 0]
					},
					"position": {
						"0.0": [0, 0, 0],
						"1.0": [0, 0, 0]
					},
					"scale": {
						"0.0": [1, 1, 1],
						"1.0": [1, 1, 1]
					}
				},
				"LeftJets": {
					"rotation": [0, 0, 0],
					"position": [0, 0, 0],
					"scale": [1, 1, 1]
				},
				"ringleft3": {
					"scale": [0, 0, 0]
				},
				"ringleft4": {
					"scale": [0, 0, 0]
				},
				"ringleft5": {
					"scale": [0, 0, 0]
				},
				"ringleft6": {
					"scale": [0, 0, 0]
				},
				"ringleft7": {
					"scale": [0, 0, 0]
				},
				"ringleft1": {
					"rotation": {
						"0.0": [0, 0, 0],
						"0.5": [-4.95428, 0.58084, 0.31932],
						"1.0": [0, 0, 0]
					},
					"position": {
						"0.5": [0, -0.7, 0],
						"1.0": [0, -0.7, 0]
					},
					"scale": {
						"0.0": [0, 0, 0],
						"0.5": [0.3, 0.3, 0.3],
						"1.0": [0, 0, 0]
					}
				},
				"ringleft2": {
					"rotation": {
						"0.0": [-4.91, 0.64, -0.23],
						"0.2083": [-4.90632, 0.63693, -0.23111],
						"0.5": [-4.91, 0.64, -0.23],
						"1.0": [-4.91, 0.64, -0.23]
					},
					"position": {
						"0.0": [0, 0, -10],
						"0.2083": [0, -1, -10],
						"0.5": [0, 0, -10],
						"1.0": [0, 0, -10]
					},
					"scale": {
						"0.0": [0, 0, 0],
						"0.2083": [0.7, 0.7, 0.7],
						"0.5": [0, 0, 0],
						"1.0": [0, 0, 0]
					}
				},
				"RightJetsEngine": {
					"rotation": {
						"0.0": [0, 0, 0],
						"0.5": [0, 0, -3],
						"1.0": [0, 0, 0]
					},
					"position": [0, 0, 0],
					"scale": [1, 1, 1]
				},
				"RightJets": {
					"rotation": [0, 0, 0],
					"position": [0, 0, 0],
					"scale": [1, 1, 1]
				},
				"ringright1": {
					"rotation": {
						"0.0": [0, 0, 0],
						"0.5": [-4.95428, 0.58084, 0.31932],
						"1.0": [0, 0, 0]
					},
					"position": {
						"0.5": [0, -0.7, 0],
						"1.0": [0, -0.7, 0]
					},
					"scale": {
						"0.0": [0, 0, 0],
						"0.5": [0.3, 0.3, 0.3],
						"1.0": [0, 0, 0]
					}
				},
				"ringright2": {
					"rotation": {
						"0.0": [-4.91, 0.64, -0.23],
						"0.2083": [-4.90632, 0.63693, -0.23111],
						"0.5": [-4.91, 0.64, -0.23],
						"1.0": [-4.91, 0.64, -0.23]
					},
					"position": {
						"0.0": [0, 0, -10],
						"0.2083": [0, -1, -10],
						"0.5": [0, 0, -10],
						"1.0": [0, 0, -10]
					},
					"scale": {
						"0.0": [0, 0, 0],
						"0.2083": [0.5, 0.5, 0.5],
						"0.5": [0, 0, 0],
						"1.0": [0, 0, 0]
					}
				},
				"leftturbine": {
					"rotation": {
						"0.0": [0, 0, 0],
						"0.5": [1, 0, 0],
						"1.0": [0, 0, 0]
					},
					"position": [0, 0, 0],
					"scale": [1, 1, 1]
				},
				"rightturbine": {
					"rotation": {
						"0.0": [0, 0, 0],
						"0.5": [1, 0, 0],
						"1.0": [0, 0, 0]
					},
					"position": [0, 0, 0],
					"scale": [1, 1, 1]
				},
				"bone4": {
					"rotation": [0, 0, 0],
					"position": [0, 0, 0],
					"scale": [1, 1, 1]
				},
				"bone3": {
					"rotation": [0, 0, 0],
					"position": [0, 0, 0],
					"scale": [1, 1, 1]
				},
				"bone": {
					"rotation": [0, 0, 0],
					"position": [0, 0, 0],
					"scale": [1, 1, 1]
				},
				"bone2": {
					"rotation": [0, 0, 0],
					"position": [0, 0, 0],
					"scale": [1, 1, 1]
				},
				"ringright3": {
					"scale": [0, 0, 0]
				},
				"ringright4": {
					"scale": [0, 0, 0]
				},
				"ringright5": {
					"scale": [0, 0, 0]
				},
				"ringright6": {
					"scale": [0, 0, 0]
				},
				"ringright7": {
					"scale": [0, 0, 0]
				}
			}
		},
		"animation.orbital_auto.start": {
			"loop": false,
			"animation_length": 1.3,
			"particle_effects": {
				"0.0": [
					{
						"effect": "p1",
						"locator": "locator"
					},
					{
						"effect": "p1",
						"locator": "locator2"
					}
				],
				"1.0": [
					{
						"effect": "p1",
						"locator": "locator"
					},
					{
						"effect": "p1",
						"locator": "locator2"
					}
				]
			},
			"sound_effects": {
				"0.0": {
					"effect": "start"
				}
			}
		},
		"animation.orbital_auto.fly": {
			"loop": true,
			"animation_length": 2,
			"bones": {
				"Spoiler": {
					"rotation": {
						"0.0": [0, 0, 0],
						"0.2917": [-4.98792, 0.3476, -0.02732],
						"2": [0, 0, 0]
					},
					"position": [0, 0, 0],
					"scale": [1, 1, 1]
				},
				"LeftDoor": {
					"rotation": [0, 0, 0],
					"position": [0, 0, 0],
					"scale": [1, 1, 1]
				},
				"RightDoor": {
					"rotation": [0, 0, 0],
					"position": [0, 0, 0],
					"scale": [1, 1, 1]
				},
				"JetsAndEngine": {
					"rotation": [0, 0, 0],
					"position": [0, 0, 0],
					"scale": [1, 1, 1]
				},
				"LeftJetsEngine": {
					"rotation": {
						"0.0": [0, 0, 0],
						"0.0833": [0, 0, 4],
						"0.1667": [0, 0, 0],
						"0.25": [0, 0, -3],
						"0.3333": [0, 0, 0],
						"0.4167": [0, 0, 4],
						"0.5": [0, 0, 0],
						"0.5833": [0, 0, -3],
						"2": [0, 0, 0]
					},
					"position": [0, 0, 0],
					"scale": [1, 1, 1]
				},
				"LeftJets": {
					"rotation": [0, 0, 0],
					"position": [0, 0, 0],
					"scale": [1, 1, 1]
				},
				"ringleft3": {
					"rotation": {
						"0.0": [0, 0, 0],
						"0.1667": [0, 0, 0],
						"0.3333": [0, 0, 0],
						"0.375": [0, 0, 0],
						"0.5": [0, 0, 0]
					},
					"position": {
						"0.0": [0, 0, 0],
						"0.1667": [0, 0, 14],
						"0.2083": [0, -2, 3.5],
						"0.25": {"pre": [0, -2, 3.5], "post": [0, -2, 0]},
						"0.3333": {"pre": [0, -2, 0], "post": [0, 0, 31]},
						"0.375": {"pre": [0, 0, 31], "post": [0, -3, -11]},
						"0.5833": [0, 0, 0]
					},
					"scale": {
						"0.0": [1, 1, 1],
						"0.1667": [0.7, 0.7, 1],
						"0.2917": [0.35, 0.35, 1],
						"0.3333": {"pre": [0.35, 0.35, 1], "post": [0, 0, 0]},
						"0.375": {"pre": [0, 0, 0], "post": [1.3, 1.3, 1]},
						"0.5833": [1, 1, 1]
					}
				},
				"ringleft4": {
					"rotation": [-4.87366, 0.93874, 0.56713],
					"position": [0, -3, -16],
					"scale": [0, 0, 0]
				},
				"ringleft5": {
					"position": {
						"0.0": [0, 0, 5],
						"0.0833": [0, 0, 6],
						"0.125": [0, 0, 6],
						"0.1667": {"pre": [0, 0, 6], "post": [0, 0, 15]},
						"0.2083": {"pre": [0, 0, 15], "post": [0, -4, -24.33]},
						"0.3333": [0, -4, -19],
						"0.5": [0, 0, 5],
						"0.5833": [0, 0, 6],
						"0.625": [0, 0, 6],
						"2": {"pre": [0, 0, 6], "post": [0, 0, 15]}
					},
					"scale": {
						"0.0": [1, 1, 1],
						"0.125": [0.6, 0.6, 1],
						"0.1667": {"pre": [0.6, 0.6, 1], "post": [0, 0, 0]},
						"0.2083": {"pre": [0, 0, 0], "post": [1.9, 1.9, 1]},
						"0.3333": [1.5, 1.5, 1],
						"0.5": [1, 1, 1],
						"0.625": [0.6, 0.6, 1],
						"2": {"pre": [0.6, 0.6, 1], "post": [0, 0, 0]}
					}
				},
				"ringleft6": {
					"rotation": [0, 0, 0],
					"position": [0, 0, 1],
					"scale": [0, 0, 0]
				},
				"ringleft7": {
					"scale": [0, 0, 0]
				},
				"ringleft1": {
					"rotation": {
						"0.0": [0, 0, 0],
						"0.4583": [0, 0, 0],
						"0.5": [0, 0, 0]
					},
					"position": {
						"0.0": [0, 0, 0],
						"0.1667": [0, 0, 14.005],
						"0.3333": [0, 0, 28.025],
						"0.4583": [0, 0, 43.26],
						"0.5": {"pre": [0, 0, 43.26], "post": [0, 0, 0]},
						"2": [0, 0, 14.005]
					},
					"scale": {
						"0.0": [1, 1, 1],
						"0.375": [0.3125, 0.3125, 1],
						"0.4167": {"pre": [0.3125, 0.3125, 1], "post": [0, 0, 0]},
						"0.4583": [0, 0, 0],
						"0.5": {"pre": [0, 0, 0], "post": [1, 1, 1]}
					}
				},
				"ringleft2": {
					"rotation": [-5, 0, 0],
					"position": [0, 0, -13],
					"scale": [0, 0, 0]
				},
				"RightJetsEngine": {
					"rotation": {
						"0.0": [0, 0, 0],
						"0.0833": [0, 0, -4],
						"0.1667": [0, 0, 0],
						"0.25": [0, 0, -4],
						"0.3333": [0, 0, 0],
						"0.4167": [0, 0, -4],
						"0.5": [0, 0, 0],
						"0.5833": [0, 0, -4],
						"2": [0, 0, 0]
					},
					"position": [0, 0, 0],
					"scale": [1, 1, 1]
				},
				"RightJets": {
					"rotation": [0, 0, 0],
					"position": [0, 0, 0],
					"scale": [1, 1, 1]
				},
				"ringright1": {
					"rotation": {
						"0.0": [0, 0, 0],
						"0.4583": [0, 0, 0],
						"0.5": [0, 0, 0]
					},
					"position": {
						"0.0": [0, 0, 0],
						"0.1667": [0, 0, 14.005],
						"0.3333": [0, 0, 28.025],
						"0.4583": [0, 0, 43.26],
						"0.5": {"pre": [0, 0, 43.26], "post": [0, 0, 0]},
						"2": [0, 0, 14.005]
					},
					"scale": {
						"0.0": [1, 1, 1],
						"0.375": [0.3125, 0.3125, 1],
						"0.4167": {"pre": [0.3125, 0.3125, 1], "post": [0, 0, 0]},
						"0.4583": [0, 0, 0],
						"0.5": {"pre": [0, 0, 0], "post": [1, 1, 1]}
					}
				},
				"ringright2": {
					"scale": [0, 0, 0]
				},
				"leftturbine": {
					"rotation": {
						"0.0": [0, 0, 0],
						"0.0833": [-2, 0, 0],
						"0.1667": [0, 0, 0],
						"0.25": [-2, 0, 0],
						"0.3333": [0, 0, 0],
						"0.4167": [-2, 0, 0],
						"0.5": [0, 0, 0],
						"0.5833": [-2, 0, 0],
						"2": [0, 0, 0]
					},
					"position": [0, 0, 0],
					"scale": [1, 1, 1]
				},
				"rightturbine": {
					"rotation": {
						"0.0": [0, 0, 0],
						"0.0833": [-1, 0, 0],
						"0.1667": [0, 0, 0],
						"0.25": [-1, 0, 0],
						"0.3333": [0, 0, 0],
						"0.4167": [-1, 0, 0],
						"0.5": [0, 0, 0],
						"0.5833": [-1, 0, 0],
						"2": [0, 0, 0]
					},
					"position": [0, 0, 0],
					"scale": [1, 1, 1]
				},
				"bone4": {
					"rotation": {
						"0.0": [0, 0, 0],
						"0.0833": [-4.99632, 0.18879, 3.82535],
						"0.1667": [0, 0, 0],
						"0.25": [-4.99632, 0.18879, 3.82535],
						"0.3333": [0, 0, 0],
						"0.4167": [-4.99632, 0.18879, 3.82535],
						"0.5": [0, 0, 0],
						"0.5833": [-4.99632, 0.18879, 3.82535],
						"2": [0, 0, 0]
					},
					"position": [0, 0, 0],
					"scale": [1, 1, 1]
				},
				"bone3": {
					"rotation": {
						"0.0": [0, 0, 0],
						"0.0833": [-4.99632, 0.18879, 3.82535],
						"0.1667": [0, 0, 0],
						"0.25": [-4.99632, 0.18879, 3.82535],
						"0.3333": [0, 0, 0],
						"0.4167": [-4.99632, 0.18879, 3.82535],
						"0.5": [0, 0, 0],
						"0.5833": [-4.99632, 0.18879, 3.82535],
						"2": [0, 0, 0]
					},
					"position": [0, 0, 0],
					"scale": [1, 1, 1]
				},
				"bone": {
					"rotation": {
						"0.0": [0, 0, 0],
						"0.0833": [-8, 0, 0],
						"0.1667": [0, 0, 0],
						"0.25": [-8, 0, 0],
						"0.3333": [0, 0, 0],
						"0.4167": [-8, 0, 0],
						"0.5": [0, 0, 0],
						"0.5833": [-8, 0, 0],
						"2": [0, 0, 0]
					},
					"position": [0, 0, 0],
					"scale": [1, 1, 1]
				},
				"bone2": {
					"rotation": {
						"0.0": [0, 0, 0],
						"0.0833": [-8, 0, 0],
						"0.1667": [0, 0, 0],
						"0.25": [-8, 0, 0],
						"0.3333": [0, 0, 0],
						"0.4167": [-8, 0, 0],
						"0.5": [0, 0, 0],
						"0.5833": [-8, 0, 0],
						"2": [0, 0, 0]
					},
					"position": [0, 0, 0],
					"scale": [1, 1, 1]
				},
				"ringright3": {
					"rotation": {
						"0.0": [0, 0, 0],
						"0.1667": [0, 0, 0],
						"0.3333": [0, 0, 0],
						"0.375": [0, 0, 0],
						"0.5": [0, 0, 0],
						"2": [0, 0, 0]
					},
					"position": {
						"0.0": [0, 0, 0],
						"0.1667": [0, 0, 14],
						"0.2083": [0, -2, 4],
						"0.25": {"pre": [0, -2, 4], "post": [0, -2, 0]},
						"0.3333": {"pre": [0, -2, 0], "post": [0, 0, 31]},
						"0.375": {"pre": [0, 0, 31], "post": [0, -3, -11]},
						"0.5": [0, 0, 0],
						"2": [0, 0, 14]
					},
					"scale": {
						"0.0": [1, 1, 1],
						"0.1667": [0.7, 0.7, 1],
						"0.2917": [0.35, 0.35, 1],
						"0.3333": {"pre": [0.35, 0.35, 1], "post": [0, 0, 0]},
						"0.375": {"pre": [0, 0, 0], "post": [1.3, 1.3, 1]},
						"0.5": [1, 1, 1],
						"2": [0.7, 0.7, 1]
					}
				},
				"ringright4": {
					"position": {
						"0.0": [0, -4, -35],
						"0.0833": [0, -4, -33.67],
						"0.1667": [0, -4, -34.83],
						"0.25": [0, -4, -34],
						"0.3333": [0, -4, -35],
						"0.4167": [0, -4, -33.67],
						"0.5": [0, -4, -34.83],
						"0.5833": [0, -4, -34],
						"2": [0, -4, -35]
					},
					"scale": {
						"0.0": [1, 1, 1],
						"0.1667": [1, 0.9, 1],
						"0.3333": [1, 1, 1],
						"0.5": [1, 0.9, 1],
						"2": [1, 1, 1]
					}
				},
				"ringright5": {
					"scale": [0, 0, 0]
				},
				"ringright6": {
					"rotation": {
						"0.0": [0, 0, 0],
						"0.1667": [0, 0, 0],
						"0.2083": [0, 0, 0],
						"0.3333": [0, 0, 0],
						"0.5": [0, 0, 0],
						"2": [0, 0, 0]
					},
					"position": {
						"0.0": [0, 0, 5],
						"0.0833": [0, 0, 6],
						"0.125": [0, 0, 6],
						"0.1667": {"pre": [0, 0, 6], "post": [0, 0, 15]},
						"0.2083": {"pre": [0, 0, 15], "post": [0, -4, -24.33]},
						"0.3333": [0, -4, -19],
						"0.5": [0, 0, 5],
						"0.5833": [0, 0, 6],
						"0.625": [0, 0, 6],
						"2": {"pre": [0, 0, 6], "post": [0, 0, 15]}
					},
					"scale": {
						"0.0": [1, 1, 1],
						"0.125": [0.6, 0.6, 1],
						"0.1667": {"pre": [0.6, 0.6, 1], "post": [0, 0, 0]},
						"0.2083": {"pre": [0, 0, 0], "post": [1.9, 1.9, 1]},
						"0.3333": [1.5, 1.5, 1],
						"0.5": [1, 1, 1],
						"0.625": [0.6, 0.6, 1],
						"2": {"pre": [0.6, 0.6, 1], "post": [0, 0, 0]}
					}
				},
				"ringright7": {
					"scale": [0, 0, 0]
				}
			},
			"particle_effects": {
				"0.0": [
					{
						"effect": "p1",
						"locator": "locator"
					},
					{
						"effect": "p1",
						"locator": "locator2"
					},
					{
						"effect": "p2",
						"locator": "locator3"
					},
					{
						"effect": "p2",
						"locator": "locator4"
					},
					{
						"effect": "p2",
						"locator": "locator5"
					},
					{
						"effect": "p2",
						"locator": "locator6"
					}
				],
				"0.5": [
					{
						"effect": "p1",
						"locator": "locator"
					},
					{
						"effect": "p1",
						"locator": "locator2"
					},
					{
						"effect": "p2",
						"locator": "locator3"
					},
					{
						"effect": "p2",
						"locator": "locator4"
					},
					{
						"effect": "p2",
						"locator": "locator5"
					},
					{
						"effect": "p2",
						"locator": "locator6"
					}
				],
				"1.0": [
					{
						"effect": "p1",
						"locator": "locator"
					},
					{
						"effect": "p1",
						"locator": "locator2"
					},
					{
						"effect": "p2",
						"locator": "locator3"
					},
					{
						"effect": "p2",
						"locator": "locator4"
					},
					{
						"effect": "p2",
						"locator": "locator5"
					},
					{
						"effect": "p2",
						"locator": "locator6"
					}
				],
				"1.5": [
					{
						"effect": "p1",
						"locator": "locator"
					},
					{
						"effect": "p1",
						"locator": "locator2"
					},
					{
						"effect": "p2",
						"locator": "locator3"
					},
					{
						"effect": "p2",
						"locator": "locator4"
					},
					{
						"effect": "p2",
						"locator": "locator5"
					},
					{
						"effect": "p2",
						"locator": "locator6"
					}
				]
			},
			"sound_effects": {
				"0.0": {
					"effect": "loop"
				}
			}
		},
		"animation.orbital_auto.stop": {
			"loop": false,
			"animation_length": 1.41,
			"sound_effects": {
				"0.0": {
					"effect": "stop"
				}
			}
		}
	}
}