{
	"format_version": "1.8.0",
	"animations": {
		"animation.propulsion_pack.idle": {
			"loop": true,
			"bones": {
				"Full1": {
					"rotation": [0, 0, 0],
					"position": [0, 0, 0],
					"scale": [1, 1, 1]
				},
				"Full2": {
					"rotation": [0, 0, 0],
					"position": [0, 0, 0],
					"scale": [1, 1, 1]
				},
				"Body": {
					"rotation": [0, 0, 0],
					"position": [0, 0, 0],
					"scale": [1, 1, 1]
				},
				"RightPack": {
					"rotation": [0, 0, 0],
					"position": [0, 0, 0],
					"scale": [1, 1, 1]
				},
				"RightJet": {
					"rotation": [0, 0, 0],
					"position": [0, 0, 0],
					"scale": [0, 0, 0]
				},
				"RightJet2": {
					"rotation": [0, 0, 0],
					"position": [0, 0, 0],
					"scale": [0, 0, 0]
				},
				"LeftPack": {
					"rotation": [0, 0, 0],
					"position": [0, 0, 0],
					"scale": [1, 1, 1]
				},
				"LeftJet": {
					"rotation": [0, 0, 0],
					"position": [0, 0, 0],
					"scale": [0, 0, 0]
				},
				"LeftJet2": {
					"rotation": [0, 0, 0],
					"position": [0, 0, 0],
					"scale": [0, 0, 0]
				},
				"RightWing": {
					"rotation": [0, 0, 0],
					"position": [0, 0, 0],
					"scale": [1, 1, 1]
				},
				"LeftWing": {
					"rotation": [0, 0, 0],
					"position": [0, 0, 0],
					"scale": [1, 1, 1]
				}
			}
		},
		"animation.propulsion_pack.fly": {
			"loop": true,
			"animation_length": 0.55,
			"sound_effects": {
				"0.0": {
					"effect": "loop"
				}
			},
			"particle_effects": {
				"0.0": [
					{
						"effect": "p",
						"locator": "locator"
					},
					{
						"effect": "p",
						"locator": "locator2"
					}
				]
			}
		}
	}
}