{
	"format_version": "1.10.0",
	"particle_effect": {
		"description": {
			"identifier": "fersredofficial:nitroksin",
			"basic_render_parameters": {
				"material": "particles_blend",
				"texture": "textures/particle/nitroksin_particle"
			}
		},
		"components": {
			"minecraft:emitter_rate_steady": {
				"spawn_rate": 5,
				"max_particles": 5
			},
			"minecraft:emitter_lifetime_once": {
				"active_time": 0.6
			},
			"minecraft:emitter_shape_disc": {
                "radius": "variable.emitter_age * 3",
                "surface_only": true,
                "direction": "downwards"
                },
			"minecraft:particle_lifetime_expression": {
				"max_lifetime": 1
			},
			"minecraft:particle_motion_dynamic": {
    "linear_acceleration": [0, -4, 0]
},
			"minecraft:particle_appearance_billboard": {
				"size": [0.5, 0.5],
				"facing_camera_mode": "rotate_xyz",
				"uv": {
					"texture_width": 256,
					"texture_height": 32,
					"uv": [128, 0],
					"uv_size": [32, 32]
				}
			},
			"minecraft:particle_appearance_tinting": {
				"color": {
					"interpolant": "variable.particle_random_1",
					"gradient": {
						"0.0": "#FFFFFFFF",
						"1.0": "#FFFFFFFF"
					}
				}
			}
		}
	}
}