{
	"format_version": "1.10.0",
	"particle_effect": {
		"description": {
			"identifier": "fersredofficial:redoksin2",
			"basic_render_parameters": {
				"material": "particles_blend",
				"texture": "textures/particle/redoksin_particle"
			}
		},
		"curves": {
			"v.sand_move": {
				"type": "bezier",
				"input": "v.particle_lifetime",
				"horizontal_range": 1,
				"nodes": [0, 1, 1, 0]
			}
		},
		"components": {
			"minecraft:emitter_rate_steady": {
				"spawn_rate": 5,
				"max_particles": 5
			},
			"minecraft:emitter_lifetime_once": {
				"active_time": 0.6
			},
			"minecraft:emitter_shape_disc": {
				"offset": [0, 0.5, 0],
				"radius": "variable.emitter_age * 3",
				"surface_only": true,
				"direction": ["math.random(1,-1)", "math.random(1,-1)", "math.random(1,-1)"]
			},
			"minecraft:particle_lifetime_expression": {
				"max_lifetime": 2
			},
			"minecraft:particle_initial_speed": 0.1,
			"minecraft:particle_motion_dynamic": {},
			"minecraft:particle_appearance_billboard": {
				"size": ["0.6 - (variable.particle_age * 0.4)", "0.6 - (variable.particle_age * 0.4)"],
				"facing_camera_mode": "rotate_xyz",
				"uv": {
					"texture_width": 256,
					"texture_height": 32,
					"uv": [106, 0],
					"uv_size": [32, 32]
				}
			},
			"minecraft:particle_motion_collision": {
				"enabled": 1
			},
			"minecraft:particle_appearance_tinting": {
				"color": {
					"interpolant": "variable.particle_random_2",
					"gradient": {
						"0.0": "#FFFF6E00",
						"1.0": "#FFFF0000"
					}
				}
			}
		}
	}
}