{
	"format_version": "1.12.0",
	"minecraft:geometry": [
		{
			"description": {
				"identifier": "geometry.cyber_mech",
				"texture_width": 256,
				"texture_height": 256,
				"visible_bounds_width": 5,
				"visible_bounds_height": 6.5,
				"visible_bounds_offset": [0, 2.75, 0]
			},
			"bones": [
				{
					"name": "Full1",
					"pivot": [-0.00352, 0.03828, 1.88911]
				},
				{
					"name": "Full2",
					"parent": "Full1",
					"pivot": [-0.00352, -0.06172, 1.88911]
				},
				{
					"name": "Body",
					"parent": "Full2",
					"pivot": [-0.12227, 24.52284, 1.85588],
					"cubes": [
						{
							"origin": [-2.975, 19.5, -4.96447],
							"size": [5.95, 5, 7],
							"pivot": [0, 22, -2.46447],
							"rotation": [-45, 0, 0],
							"uv": {
								"north": {"uv": [154, 95], "uv_size": [6, 5]},
								"east": {"uv": [152, 15], "uv_size": [7, 5]},
								"south": {"uv": [154, 115], "uv_size": [6, 5]},
								"west": {"uv": [152, 20], "uv_size": [7, 5]},
								"up": {"uv": [114, 144], "uv_size": [6, 7]},
								"down": {"uv": [120, 151], "uv_size": [6, -7]}
							}
						},
						{
							"origin": [-3, 17, -1],
							"size": [6, 5, 5],
							"uv": {
								"north": {"uv": [154, 3], "uv_size": [6, 5]},
								"east": {"uv": [48, 157], "uv_size": [5, 5]},
								"south": {"uv": [31, 154], "uv_size": [6, 5]},
								"west": {"uv": [121, 157], "uv_size": [5, 5]},
								"up": {"uv": [71, 154], "uv_size": [6, 5]},
								"down": {"uv": [154, 95], "uv_size": [6, -5]}
							}
						},
						{
							"origin": [-2.975, 19.5, 0.96447],
							"size": [5.95, 5, 7],
							"pivot": [0, 22, 5.46447],
							"rotation": [45, 0, 0],
							"uv": {
								"north": {"uv": [20, 155], "uv_size": [6, 5]},
								"east": {"uv": [43, 152], "uv_size": [7, 5]},
								"south": {"uv": [37, 155], "uv_size": [6, 5]},
								"west": {"uv": [152, 45], "uv_size": [7, 5]},
								"up": {"uv": [126, 144], "uv_size": [6, 7]},
								"down": {"uv": [0, 152], "uv_size": [6, -7]}
							}
						},
						{
							"origin": [-3, 22, -6],
							"size": [6, 5, 15],
							"uv": {
								"north": {"uv": [85, 155], "uv_size": [6, 5]},
								"east": {"uv": [93, 67], "uv_size": [15, 5]},
								"south": {"uv": [91, 155], "uv_size": [6, 5]},
								"west": {"uv": [94, 0], "uv_size": [15, 5]},
								"up": {"uv": [50, 69], "uv_size": [6, 15]},
								"down": {"uv": [75, 60], "uv_size": [6, -15]}
							}
						}
					]
				},
				{
					"name": "Breast",
					"parent": "Body",
					"pivot": [-0.02227, 27.12284, 1.35588],
					"cubes": [
						{
							"origin": [-4, 49, 4],
							"size": [8, 5, 3],
							"pivot": [0, 51.5, 4.5],
							"rotation": [-10, 0, 0],
							"uv": {
								"north": {"uv": [44, 28], "uv_size": [8, 5]},
								"east": {"uv": [77, 141], "uv_size": [3, 5]},
								"south": {"uv": [132, 145], "uv_size": [8, 5]},
								"west": {"uv": [50, 152], "uv_size": [3, 5]},
								"up": {"uv": [157, 11], "uv_size": [8, 3]},
								"down": {"uv": [157, 36], "uv_size": [8, -3]}
							}
						},
						{
							"origin": [-5.19708, 49.09441, 1.60638],
							"size": [3, 4.95, 5],
							"pivot": [-3.69708, 51.56941, 4.10638],
							"rotation": [-11.0097, 24.5948, -4.6293],
							"uv": {
								"north": {"uv": [93, 166], "uv_size": [3, 5]},
								"east": {"uv": [7, 69], "uv_size": [5, 5]},
								"south": {"uv": [96, 166], "uv_size": [3, 5]},
								"west": {"uv": [93, 104], "uv_size": [5, 5]},
								"up": {"uv": [166, 99], "uv_size": [3, 5]},
								"down": {"uv": [166, 138], "uv_size": [3, -5]}
							}
						},
						{
							"origin": [2.19708, 49.09441, 1.60638],
							"size": [3, 4.95, 5],
							"pivot": [3.69708, 51.56941, 4.10638],
							"rotation": [-11.0097, -24.5948, 4.6293],
							"uv": {
								"north": {"uv": [166, 143], "uv_size": [3, 5]},
								"east": {"uv": [109, 0], "uv_size": [5, 5]},
								"south": {"uv": [167, 25], "uv_size": [3, 5]},
								"west": {"uv": [76, 117], "uv_size": [5, 5]},
								"up": {"uv": [71, 167], "uv_size": [3, 5]},
								"down": {"uv": [74, 172], "uv_size": [3, -5]}
							}
						},
						{
							"origin": [2, 36.97048, 0.93291],
							"size": [6, 11, 8],
							"pivot": [5.5, 43.47048, 4.43291],
							"rotation": [-42.5, 27.5, 0],
							"uv": {
								"north": {"uv": [14, 111], "uv_size": [6, 11]},
								"east": {"uv": [81, 45], "uv_size": [8, 11]},
								"south": {"uv": [113, 72], "uv_size": [6, 11]},
								"west": {"uv": [25, 82], "uv_size": [8, 11]},
								"up": {"uv": [115, 136], "uv_size": [6, 8]},
								"down": {"uv": [121, 144], "uv_size": [6, -8]}
							}
						},
						{
							"origin": [-8, 36.97048, 0.93291],
							"size": [6, 11, 8],
							"pivot": [-5.5, 43.47048, 4.43291],
							"rotation": [-42.5, -27.5, 0],
							"uv": {
								"north": {"uv": [114, 0], "uv_size": [6, 11]},
								"east": {"uv": [33, 82], "uv_size": [8, 11]},
								"south": {"uv": [114, 11], "uv_size": [6, 11]},
								"west": {"uv": [41, 82], "uv_size": [8, 11]},
								"up": {"uv": [127, 136], "uv_size": [6, 8]},
								"down": {"uv": [5, 145], "uv_size": [6, -8]}
							}
						},
						{
							"origin": [-4, 40, -1],
							"size": [8, 9, 7],
							"uv": {
								"north": {"uv": [0, 94], "uv_size": [8, 9]},
								"east": {"uv": [25, 118], "uv_size": [7, 9]},
								"south": {"uv": [8, 95], "uv_size": [8, 9]},
								"west": {"uv": [14, 122], "uv_size": [7, 9]},
								"up": {"uv": [123, 116], "uv_size": [8, 7]},
								"down": {"uv": [32, 131], "uv_size": [8, -7]}
							}
						},
						{
							"origin": [-5, 39.13604, 1.5],
							"size": [10, 7, 7],
							"pivot": [0, 42.63604, 6],
							"rotation": [-45, 0, 0],
							"uv": {
								"north": {"uv": [101, 84], "uv_size": [10, 7]},
								"east": {"uv": [131, 81], "uv_size": [7, 7]},
								"south": {"uv": [98, 103], "uv_size": [10, 7]},
								"west": {"uv": [131, 116], "uv_size": [7, 7]},
								"up": {"uv": [0, 104], "uv_size": [10, 7]},
								"down": {"uv": [10, 111], "uv_size": [10, -7]}
							}
						},
						{
							"origin": [-2, 46.13604, 2.5],
							"size": [4, 1, 3],
							"pivot": [0, 42.63604, 6],
							"rotation": [-45, 0, 0],
							"uv": {
								"north": {"uv": [34, 33], "uv_size": [4, 1]},
								"east": {"uv": [74, 106], "uv_size": [3, 1]},
								"south": {"uv": [7, 74], "uv_size": [4, 1]},
								"west": {"uv": [108, 45], "uv_size": [3, 1]},
								"up": {"uv": [21, 124], "uv_size": [4, 3]},
								"down": {"uv": [9, 131], "uv_size": [4, -3]}
							}
						},
						{
							"origin": [-2, 44.13604, 6.5],
							"size": [4, 3, 3],
							"pivot": [0, 42.63604, 6],
							"rotation": [-45, 0, 0],
							"uv": {
								"north": {"uv": [0, 142], "uv_size": [4, 3]},
								"east": {"uv": [119, 81], "uv_size": [3, 3]},
								"south": {"uv": [109, 152], "uv_size": [4, 3]},
								"west": {"uv": [134, 95], "uv_size": [3, 3]},
								"up": {"uv": [168, 62], "uv_size": [4, 3]},
								"down": {"uv": [168, 99], "uv_size": [4, -3]}
							}
						},
						{
							"origin": [3.71647, 40, -2.02261],
							"size": [5, 7.975, 8],
							"pivot": [-0.15, 43.5, -0.02513],
							"rotation": [10.5468, 44.5119, 7.4366],
							"uv": {
								"north": {"uv": [29, 61], "uv_size": [5, 8]},
								"east": {"uv": [114, 57], "uv_size": [8, 8]},
								"south": {"uv": [16, 95], "uv_size": [5, 8]},
								"west": {"uv": [115, 34], "uv_size": [8, 8]},
								"up": {"uv": [27, 139], "uv_size": [5, 8]},
								"down": {"uv": [140, 153], "uv_size": [5, -8]}
							}
						},
						{
							"origin": [5.65685, 40, -1.34315],
							"size": [4, 8, 6],
							"pivot": [-0.15, 43.5, -0.02513],
							"rotation": [7.5, 0, 0],
							"uv": {
								"north": {"uv": [34, 50], "uv_size": [4, 8]},
								"east": {"uv": [137, 7], "uv_size": [6, 8]},
								"south": {"uv": [25, 70], "uv_size": [4, 8]},
								"west": {"uv": [11, 137], "uv_size": [6, 8]},
								"up": {"uv": [151, 157], "uv_size": [4, 6]},
								"down": {"uv": [4, 164], "uv_size": [4, -6]}
							}
						},
						{
							"origin": [-9.65685, 40, -1.34315],
							"size": [4, 8, 6],
							"pivot": [0.15, 43.5, -0.02513],
							"rotation": [7.5, 0, 0],
							"uv": {
								"north": {"uv": [14, 75], "uv_size": [4, 8]},
								"east": {"uv": [137, 95], "uv_size": [6, 8]},
								"south": {"uv": [85, 9], "uv_size": [4, 8]},
								"west": {"uv": [133, 137], "uv_size": [6, 8]},
								"up": {"uv": [8, 158], "uv_size": [4, 6]},
								"down": {"uv": [12, 164], "uv_size": [4, -6]}
							}
						},
						{
							"origin": [6.09515, 40, -3.64896],
							"size": [4, 6, 2],
							"pivot": [-0.15, 43.5, -0.02513],
							"rotation": [10.5468, -44.5119, -7.4366],
							"uv": {
								"north": {"uv": [55, 158], "uv_size": [4, 6]},
								"east": {"uv": [30, 169], "uv_size": [2, 6]},
								"south": {"uv": [59, 158], "uv_size": [4, 6]},
								"west": {"uv": [169, 30], "uv_size": [2, 6]},
								"up": {"uv": [34, 58], "uv_size": [4, 2]},
								"down": {"uv": [69, 90], "uv_size": [4, -2]}
							}
						},
						{
							"origin": [-10.09515, 40, -3.64896],
							"size": [4, 6, 2],
							"pivot": [0.15, 43.5, -0.02513],
							"rotation": [10.5468, 44.5119, 7.4366],
							"uv": {
								"north": {"uv": [63, 158], "uv_size": [4, 6]},
								"east": {"uv": [32, 169], "uv_size": [2, 6]},
								"south": {"uv": [67, 158], "uv_size": [4, 6]},
								"west": {"uv": [42, 169], "uv_size": [2, 6]},
								"up": {"uv": [79, 90], "uv_size": [4, 2]},
								"down": {"uv": [76, 124], "uv_size": [4, -2]}
							}
						},
						{
							"origin": [-8.71647, 40, -2.02261],
							"size": [5, 7.975, 8],
							"pivot": [0.15, 43.5, -0.02513],
							"rotation": [10.5468, -44.5119, -7.4366],
							"uv": {
								"north": {"uv": [145, 145], "uv_size": [5, 8]},
								"east": {"uv": [45, 115], "uv_size": [8, 8]},
								"south": {"uv": [21, 147], "uv_size": [5, 8]},
								"west": {"uv": [107, 115], "uv_size": [8, 8]},
								"up": {"uv": [26, 147], "uv_size": [5, 8]},
								"down": {"uv": [38, 155], "uv_size": [5, -8]}
							}
						},
						{
							"origin": [-4, 40, -7],
							"size": [8, 8, 6],
							"pivot": [5.85, 43.5, -0.02513],
							"rotation": [7.5, 0, 0],
							"uv": {
								"north": {"uv": [115, 115], "uv_size": [8, 8]},
								"east": {"uv": [138, 61], "uv_size": [6, 8]},
								"south": {"uv": [32, 116], "uv_size": [8, 8]},
								"west": {"uv": [138, 76], "uv_size": [6, 8]},
								"up": {"uv": [60, 10], "uv_size": [8, 6]},
								"down": {"uv": [138, 121], "uv_size": [8, -6]}
							}
						},
						{
							"origin": [-5, 34.68235, -6.44464],
							"size": [10, 8, 7],
							"pivot": [0, 38.52547, 1.57541],
							"rotation": [25, 0, 0],
							"uv": {
								"north": {"uv": [89, 45], "uv_size": [10, 8]},
								"east": {"uv": [49, 123], "uv_size": [7, 8]},
								"south": {"uv": [69, 90], "uv_size": [10, 8]},
								"west": {"uv": [60, 124], "uv_size": [7, 8]},
								"up": {"uv": [104, 52], "uv_size": [10, 7]},
								"down": {"uv": [104, 66], "uv_size": [10, -7]}
							}
						},
						{
							"origin": [7.65685, 35.68235, 0.21222],
							"size": [1.975, 5, 6],
							"pivot": [0, 38.52547, 1.57541],
							"rotation": [25, 0, 0],
							"uv": {
								"north": {"uv": [136, 76], "uv_size": [2, 5]},
								"east": {"uv": [152, 123], "uv_size": [6, 5]},
								"south": {"uv": [24, 170], "uv_size": [2, 5]},
								"west": {"uv": [152, 128], "uv_size": [6, 5]},
								"up": {"uv": [44, 169], "uv_size": [2, 6]},
								"down": {"uv": [49, 175], "uv_size": [2, -6]}
							}
						},
						{
							"origin": [6.10714, 34.68235, -1.9743],
							"size": [4, 6, 2],
							"pivot": [0, 38.52547, 1.57541],
							"rotation": [33.4032, -39.8557, -22.9098],
							"uv": {
								"north": {"uv": [158, 123], "uv_size": [4, 6]},
								"east": {"uv": [51, 169], "uv_size": [2, 6]},
								"south": {"uv": [159, 14], "uv_size": [4, 6]},
								"west": {"uv": [55, 169], "uv_size": [2, 6]},
								"up": {"uv": [140, 27], "uv_size": [4, 2]},
								"down": {"uv": [160, 8], "uv_size": [4, -2]}
							}
						},
						{
							"origin": [-9.79235, 33.68235, -0.56009],
							"size": [6, 9, 8],
							"pivot": [0, 38.52547, 1.57541],
							"rotation": [33.4032, -39.8557, -22.9098],
							"uv": {
								"north": {"uv": [100, 127], "uv_size": [6, 9]},
								"east": {"uv": [90, 95], "uv_size": [8, 9]},
								"south": {"uv": [128, 0], "uv_size": [6, 9]},
								"west": {"uv": [47, 96], "uv_size": [8, 9]},
								"up": {"uv": [21, 139], "uv_size": [6, 8]},
								"down": {"uv": [139, 37], "uv_size": [6, -8]}
							}
						},
						{
							"origin": [-5, 24, -3],
							"size": [10, 17, 10],
							"uv": {
								"north": {"uv": [0, 0], "uv_size": [10, 17]},
								"east": {"uv": [10, 0], "uv_size": [10, 17]},
								"south": {"uv": [0, 17], "uv_size": [10, 17]},
								"west": {"uv": [10, 17], "uv_size": [10, 17]},
								"up": {"uv": [58, 36], "uv_size": [10, 10]},
								"down": {"uv": [58, 56], "uv_size": [10, -10]}
							}
						},
						{
							"origin": [7.65685, 34.68235, 0.21222],
							"size": [1.975, 1, 6],
							"pivot": [0, 38.52547, 1.57541],
							"rotation": [25, 0, 0],
							"uv": {
								"north": {"uv": [77, 98], "uv_size": [2, 1]},
								"east": {"uv": [113, 83], "uv_size": [6, 1]},
								"south": {"uv": [111, 51], "uv_size": [2, 1]},
								"west": {"uv": [68, 116], "uv_size": [6, 1]},
								"up": {"uv": [169, 56], "uv_size": [2, 6]},
								"down": {"uv": [57, 175], "uv_size": [2, -6]}
							}
						},
						{
							"origin": [6.65685, 34.68235, 0.21222],
							"size": [1, 1, 4],
							"pivot": [0, 38.52547, 1.57541],
							"rotation": [25, 0, 0],
							"uv": {
								"north": {"uv": [23, 58], "uv_size": [1, 1]},
								"east": {"uv": [99, 52], "uv_size": [4, 1]},
								"south": {"uv": [23, 59], "uv_size": [1, 1]},
								"west": {"uv": [16, 103], "uv_size": [4, 1]},
								"up": {"uv": [7, 88], "uv_size": [1, 4]},
								"down": {"uv": [88, 41], "uv_size": [1, -4]}
							}
						},
						{
							"origin": [3.14645, 24, 2.52513],
							"size": [3, 17, 4],
							"pivot": [4.64645, 37.5, 4.52513],
							"rotation": [0, 45, 0],
							"uv": {
								"north": {"uv": [53, 105], "uv_size": [3, 17]},
								"east": {"uv": [41, 106], "uv_size": [4, 17]},
								"south": {"uv": [56, 126], "uv_size": [3, 17]},
								"west": {"uv": [81, 107], "uv_size": [4, 17]},
								"up": {"uv": [81, 56], "uv_size": [3, 4]},
								"down": {"uv": [168, 159], "uv_size": [3, -4]}
							}
						},
						{
							"origin": [-7.65685, 34.68235, 0.21222],
							"size": [1, 1, 4],
							"pivot": [0, 38.52547, 1.57541],
							"rotation": [25, 0, 0],
							"uv": {
								"north": {"uv": [23, 60], "uv_size": [1, 1]},
								"east": {"uv": [104, 66], "uv_size": [4, 1]},
								"south": {"uv": [11, 74], "uv_size": [1, 1]},
								"west": {"uv": [93, 109], "uv_size": [4, 1]},
								"up": {"uv": [88, 41], "uv_size": [1, 4]},
								"down": {"uv": [55, 100], "uv_size": [1, -4]}
							}
						},
						{
							"origin": [-9.63185, 35.68235, 0.21222],
							"size": [1.975, 5, 6],
							"pivot": [0, 38.52547, 1.57541],
							"rotation": [25, 0, 0],
							"uv": {
								"north": {"uv": [40, 170], "uv_size": [2, 5]},
								"east": {"uv": [4, 153], "uv_size": [6, 5]},
								"south": {"uv": [107, 170], "uv_size": [2, 5]},
								"west": {"uv": [10, 153], "uv_size": [6, 5]},
								"up": {"uv": [59, 169], "uv_size": [2, 6]},
								"down": {"uv": [61, 175], "uv_size": [2, -6]}
							}
						},
						{
							"origin": [-10.10714, 34.68235, -1.9743],
							"size": [4, 6, 2],
							"pivot": [0, 38.52547, 1.57541],
							"rotation": [33.4032, 39.8557, 22.9098],
							"uv": {
								"north": {"uv": [31, 159], "uv_size": [4, 6]},
								"east": {"uv": [63, 169], "uv_size": [2, 6]},
								"south": {"uv": [159, 44], "uv_size": [4, 6]},
								"west": {"uv": [65, 169], "uv_size": [2, 6]},
								"up": {"uv": [160, 56], "uv_size": [4, 2]},
								"down": {"uv": [171, 19], "uv_size": [4, -2]}
							}
						},
						{
							"origin": [-9.63185, 34.68235, 0.21222],
							"size": [1.975, 1, 6],
							"pivot": [0, 38.52547, 1.57541],
							"rotation": [25, 0, 0],
							"uv": {
								"north": {"uv": [111, 90], "uv_size": [2, 1]},
								"east": {"uv": [120, 100], "uv_size": [6, 1]},
								"south": {"uv": [114, 65], "uv_size": [2, 1]},
								"west": {"uv": [125, 56], "uv_size": [6, 1]},
								"up": {"uv": [67, 169], "uv_size": [2, 6]},
								"down": {"uv": [69, 175], "uv_size": [2, -6]}
							}
						},
						{
							"origin": [-6.14645, 24, 2.52513],
							"size": [3, 17, 4],
							"pivot": [-4.64645, 37.5, 4.52513],
							"rotation": [0, -45, 0],
							"uv": {
								"north": {"uv": [46, 130], "uv_size": [3, 17]},
								"east": {"uv": [103, 110], "uv_size": [4, 17]},
								"south": {"uv": [18, 131], "uv_size": [3, 17]},
								"west": {"uv": [10, 111], "uv_size": [4, 17]},
								"up": {"uv": [169, 73], "uv_size": [3, 4]},
								"down": {"uv": [169, 89], "uv_size": [3, -4]}
							}
						},
						{
							"origin": [-7, 24, -1],
							"size": [2, 17, 6],
							"uv": {
								"north": {"uv": [16, 145], "uv_size": [2, 17]},
								"east": {"uv": [0, 52], "uv_size": [6, 17]},
								"south": {"uv": [18, 148], "uv_size": [2, 17]},
								"west": {"uv": [6, 52], "uv_size": [6, 17]},
								"up": {"uv": [169, 106], "uv_size": [2, 6]},
								"down": {"uv": [169, 118], "uv_size": [2, -6]}
							}
						},
						{
							"origin": [5, 24, -1],
							"size": [2, 17, 6],
							"uv": {
								"north": {"uv": [53, 148], "uv_size": [2, 17]},
								"east": {"uv": [52, 28], "uv_size": [6, 17]},
								"south": {"uv": [103, 151], "uv_size": [2, 17]},
								"west": {"uv": [12, 58], "uv_size": [6, 17]},
								"up": {"uv": [115, 169], "uv_size": [2, 6]},
								"down": {"uv": [117, 175], "uv_size": [2, -6]}
							}
						},
						{
							"origin": [-6, 24, -2.58579],
							"size": [2, 17, 3],
							"pivot": [-5, 32.5, -1.58579],
							"rotation": [0, -45, 0],
							"uv": {
								"north": {"uv": [128, 151], "uv_size": [2, 17]},
								"east": {"uv": [32, 131], "uv_size": [3, 17]},
								"south": {"uv": [130, 151], "uv_size": [2, 17]},
								"west": {"uv": [35, 131], "uv_size": [3, 17]},
								"up": {"uv": [141, 4], "uv_size": [2, 3]},
								"down": {"uv": [141, 95], "uv_size": [2, -3]}
							}
						},
						{
							"origin": [4, 24, -2.58579],
							"size": [2, 17, 3],
							"pivot": [5, 32.5, -1.58579],
							"rotation": [0, 45, 0],
							"uv": {
								"north": {"uv": [0, 152], "uv_size": [2, 17]},
								"east": {"uv": [49, 131], "uv_size": [3, 17]},
								"south": {"uv": [2, 152], "uv_size": [2, 17]},
								"west": {"uv": [52, 131], "uv_size": [3, 17]},
								"up": {"uv": [157, 100], "uv_size": [2, 3]},
								"down": {"uv": [166, 83], "uv_size": [2, -3]}
							}
						},
						{
							"origin": [-8.31823, 31.08858, 0.94309],
							"size": [5, 5, 5],
							"pivot": [-6.81823, 32.58858, 3.94309],
							"rotation": [22.9098, 10.2886, -22.9098],
							"uv": {
								"north": {"uv": [118, 109], "uv_size": [5, 5]},
								"east": {"uv": [120, 16], "uv_size": [5, 5]},
								"south": {"uv": [26, 155], "uv_size": [5, 5]},
								"west": {"uv": [97, 155], "uv_size": [5, 5]},
								"up": {"uv": [116, 155], "uv_size": [5, 5]},
								"down": {"uv": [132, 160], "uv_size": [5, -5]}
							}
						},
						{
							"origin": [-8.48757, 28.73769, -3.74139],
							"size": [4, 5, 8],
							"pivot": [-6.48757, 32.23769, 0.25861],
							"rotation": [46.9664, -20.1018, -49.3002],
							"uv": {
								"north": {"uv": [164, 47], "uv_size": [4, 5]},
								"east": {"uv": [146, 115], "uv_size": [8, 5]},
								"south": {"uv": [164, 52], "uv_size": [4, 5]},
								"west": {"uv": [55, 147], "uv_size": [8, 5]},
								"up": {"uv": [99, 117], "uv_size": [4, 8]},
								"down": {"uv": [77, 160], "uv_size": [4, -8]}
							}
						},
						{
							"origin": [3.31823, 31.08858, 0.94309],
							"size": [5, 5, 5],
							"pivot": [6.81823, 32.58858, 3.94309],
							"rotation": [22.9098, -10.2886, 22.9098],
							"uv": {
								"north": {"uv": [137, 156], "uv_size": [5, 5]},
								"east": {"uv": [156, 140], "uv_size": [5, 5]},
								"south": {"uv": [142, 156], "uv_size": [5, 5]},
								"west": {"uv": [156, 151], "uv_size": [5, 5]},
								"up": {"uv": [156, 156], "uv_size": [5, 5]},
								"down": {"uv": [43, 162], "uv_size": [5, -5]}
							}
						},
						{
							"origin": [4.48757, 28.73769, -3.74139],
							"size": [4, 5, 8],
							"pivot": [6.48757, 32.23769, 0.25861],
							"rotation": [46.9664, 20.1018, 49.3002],
							"uv": {
								"north": {"uv": [55, 164], "uv_size": [4, 5]},
								"east": {"uv": [63, 147], "uv_size": [8, 5]},
								"south": {"uv": [59, 164], "uv_size": [4, 5]},
								"west": {"uv": [77, 147], "uv_size": [8, 5]},
								"up": {"uv": [81, 152], "uv_size": [4, 8]},
								"down": {"uv": [105, 160], "uv_size": [4, -8]}
							}
						},
						{
							"origin": [3.79235, 33.68235, -0.56009],
							"size": [6, 9, 8],
							"pivot": [0, 38.52547, 1.57541],
							"rotation": [33.4032, 39.8557, 22.9098],
							"uv": {
								"north": {"uv": [128, 88], "uv_size": [6, 9]},
								"east": {"uv": [60, 97], "uv_size": [8, 9]},
								"south": {"uv": [40, 130], "uv_size": [6, 9]},
								"west": {"uv": [98, 5], "uv_size": [8, 9]},
								"up": {"uv": [38, 139], "uv_size": [6, 8]},
								"down": {"uv": [59, 147], "uv_size": [6, -8]}
							}
						},
						{
							"origin": [-2, 22, -1],
							"size": [4, 6, 6],
							"pivot": [0, 25.5, 2.5],
							"rotation": [45, 0, 0],
							"uv": {
								"north": {"uv": [159, 100], "uv_size": [4, 6]},
								"east": {"uv": [71, 148], "uv_size": [6, 6]},
								"south": {"uv": [159, 145], "uv_size": [4, 6]},
								"west": {"uv": [150, 141], "uv_size": [6, 6]},
								"up": {"uv": [20, 160], "uv_size": [4, 6]},
								"down": {"uv": [24, 166], "uv_size": [4, -6]}
							}
						},
						{
							"origin": [-6, 23, 0],
							"size": [12, 4, 4],
							"pivot": [-4, 25.5, 2.5],
							"rotation": [45, 0, 0],
							"uv": {
								"north": {"uv": [46, 16], "uv_size": [12, 4]},
								"east": {"uv": [115, 165], "uv_size": [4, 4]},
								"south": {"uv": [132, 37], "uv_size": [12, 4]},
								"west": {"uv": [165, 121], "uv_size": [4, 4]},
								"up": {"uv": [137, 103], "uv_size": [12, 4]},
								"down": {"uv": [138, 88], "uv_size": [12, -4]}
							}
						},
						{
							"origin": [-2, 29, 7],
							"size": [4, 5, 2],
							"uv": {
								"north": {"uv": [63, 164], "uv_size": [4, 5]},
								"east": {"uv": [10, 171], "uv_size": [2, 5]},
								"south": {"uv": [67, 164], "uv_size": [4, 5]},
								"west": {"uv": [28, 171], "uv_size": [2, 5]},
								"up": {"uv": [171, 92], "uv_size": [4, 2]},
								"down": {"uv": [171, 130], "uv_size": [4, -2]}
							}
						},
						{
							"origin": [-2, 35, 7],
							"size": [4, 5, 2],
							"uv": {
								"north": {"uv": [164, 89], "uv_size": [4, 5]},
								"east": {"uv": [171, 30], "uv_size": [2, 5]},
								"south": {"uv": [164, 128], "uv_size": [4, 5]},
								"west": {"uv": [171, 46], "uv_size": [2, 5]},
								"up": {"uv": [71, 172], "uv_size": [4, 2]},
								"down": {"uv": [172, 75], "uv_size": [4, -2]}
							}
						},
						{
							"origin": [-5.5, 48.65479, -5.21786],
							"size": [2, 3, 8],
							"pivot": [0, 50.15479, -0.21786],
							"rotation": [15, 0, 0],
							"uv": {
								"north": {"uv": [166, 148], "uv_size": [2, 3]},
								"east": {"uv": [158, 80], "uv_size": [8, 3]},
								"south": {"uv": [172, 85], "uv_size": [2, 3]},
								"west": {"uv": [159, 20], "uv_size": [8, 3]},
								"up": {"uv": [38, 131], "uv_size": [2, 8]},
								"down": {"uv": [73, 140], "uv_size": [2, -8]}
							}
						},
						{
							"origin": [3.5, 48.65479, -5.21786],
							"size": [2, 3, 8],
							"pivot": [0, 50.15479, -0.21786],
							"rotation": [15, 0, 0],
							"uv": {
								"north": {"uv": [109, 172], "uv_size": [2, 3]},
								"east": {"uv": [160, 96], "uv_size": [8, 3]},
								"south": {"uv": [111, 172], "uv_size": [2, 3]},
								"west": {"uv": [160, 115], "uv_size": [8, 3]},
								"up": {"uv": [53, 165], "uv_size": [2, 8]},
								"down": {"uv": [119, 173], "uv_size": [2, -8]}
							}
						},
						{
							"origin": [-3.5, 48.65479, -3.21786],
							"size": [7, 2, 7],
							"pivot": [0, 50.15479, -0.21786],
							"rotation": [15, 0, 0],
							"uv": {
								"north": {"uv": [166, 138], "uv_size": [7, 2]},
								"east": {"uv": [167, 19], "uv_size": [7, 2]},
								"south": {"uv": [167, 21], "uv_size": [7, 2]},
								"west": {"uv": [168, 8], "uv_size": [7, 2]},
								"up": {"uv": [101, 136], "uv_size": [7, 7]},
								"down": {"uv": [108, 143], "uv_size": [7, -7]}
							}
						},
						{
							"origin": [-6.5, 49.30184, 0.69696],
							"size": [2, 3, 3],
							"pivot": [0, 50.80184, 2.19696],
							"rotation": [45, 0, 0],
							"uv": {
								"north": {"uv": [172, 130], "uv_size": [2, 3]},
								"east": {"uv": [171, 155], "uv_size": [3, 3]},
								"south": {"uv": [172, 133], "uv_size": [2, 3]},
								"west": {"uv": [12, 172], "uv_size": [3, 3]},
								"up": {"uv": [172, 140], "uv_size": [2, 3]},
								"down": {"uv": [143, 175], "uv_size": [2, -3]}
							}
						},
						{
							"origin": [4.5, 49.30184, 0.69696],
							"size": [2, 3, 3],
							"pivot": [0, 50.80184, 2.19696],
							"rotation": [45, 0, 0],
							"uv": {
								"north": {"uv": [172, 143], "uv_size": [2, 3]},
								"east": {"uv": [15, 172], "uv_size": [3, 3]},
								"south": {"uv": [172, 158], "uv_size": [2, 3]},
								"west": {"uv": [172, 61], "uv_size": [3, 3]},
								"up": {"uv": [159, 172], "uv_size": [2, 3]},
								"down": {"uv": [161, 175], "uv_size": [2, -3]}
							}
						}
					]
				},
				{
					"name": "Helmet",
					"parent": "Breast",
					"pivot": [0, 48.15479, -0.21786],
					"rotation": [9, 0, 0],
					"cubes": [
						{
							"origin": [3, 49.97538, -0.68713],
							"size": [1.975, 7, 6],
							"uv": {
								"north": {"uv": [83, 0], "uv_size": [2, 7]},
								"east": {"uv": [8, 88], "uv_size": [6, 7]},
								"south": {"uv": [26, 166], "uv_size": [2, 7]},
								"west": {"uv": [71, 141], "uv_size": [6, 7]},
								"up": {"uv": [157, 168], "uv_size": [2, 6]},
								"down": {"uv": [164, 174], "uv_size": [2, -6]}
							}
						},
						{
							"origin": [-7, 56.97778, -3.47946],
							"size": [14, 2, 2],
							"pivot": [0, 58.06077, -2.23019],
							"rotation": [-7.5, 0, 0],
							"uv": {
								"north": {"uv": [32, 10], "uv_size": [14, 2]},
								"east": {"uv": [32, 18], "uv_size": [2, 2]},
								"south": {"uv": [32, 12], "uv_size": [14, 2]},
								"west": {"uv": [0, 34], "uv_size": [2, 2]},
								"up": {"uv": [32, 14], "uv_size": [14, 2]},
								"down": {"uv": [32, 18], "uv_size": [14, -2]}
							}
						},
						{
							"origin": [-1, 59.61517, -4.44857],
							"size": [2, 3, 10],
							"pivot": [0, 58.11517, 0.55143],
							"rotation": [-7.5, 0, 0],
							"uv": {
								"north": {"uv": [65, 75], "uv_size": [2, 3]},
								"east": {"uv": [152, 87], "uv_size": [10, 3]},
								"south": {"uv": [47, 93], "uv_size": [2, 3]},
								"west": {"uv": [152, 120], "uv_size": [10, 3]},
								"up": {"uv": [107, 160], "uv_size": [2, 10]},
								"down": {"uv": [16, 172], "uv_size": [2, -10]}
							}
						},
						{
							"origin": [-0.975, 58.30273, 4.59603],
							"size": [1.95, 3, 3.625],
							"pivot": [0, 59.80273, 6.09603],
							"rotation": [-45, 0, 0],
							"uv": {
								"north": {"uv": [91, 114], "uv_size": [2, 3]},
								"east": {"uv": [60, 85], "uv_size": [4, 3]},
								"south": {"uv": [131, 46], "uv_size": [2, 3]},
								"west": {"uv": [89, 53], "uv_size": [4, 3]},
								"up": {"uv": [101, 171], "uv_size": [2, 4]},
								"down": {"uv": [105, 175], "uv_size": [2, -4]}
							}
						},
						{
							"origin": [-1, 53.97538, 3.31287],
							"size": [2, 6, 4],
							"pivot": [0, 51.47538, 4.81287],
							"rotation": [-10, 0, 0],
							"uv": {
								"north": {"uv": [0, 169], "uv_size": [2, 6]},
								"east": {"uv": [28, 132], "uv_size": [4, 6]},
								"south": {"uv": [2, 169], "uv_size": [2, 6]},
								"west": {"uv": [147, 157], "uv_size": [4, 6]},
								"up": {"uv": [32, 20], "uv_size": [2, 4]},
								"down": {"uv": [92, 143], "uv_size": [2, -4]}
							}
						},
						{
							"origin": [-5, 55.61517, -4.44857],
							"size": [10, 4, 10],
							"pivot": [0, 58.11517, 0.55143],
							"rotation": [-7.5, 0, 0],
							"uv": {
								"north": {"uv": [6, 145], "uv_size": [10, 4]},
								"east": {"uv": [145, 30], "uv_size": [10, 4]},
								"south": {"uv": [145, 107], "uv_size": [10, 4]},
								"west": {"uv": [145, 111], "uv_size": [10, 4]},
								"up": {"uv": [58, 16], "uv_size": [10, 10]},
								"down": {"uv": [58, 36], "uv_size": [10, -10]}
							}
						},
						{
							"origin": [-3, 49.97538, 3.31287],
							"size": [6, 6, 2],
							"uv": {
								"north": {"uv": [84, 74], "uv_size": [6, 6]},
								"east": {"uv": [12, 52], "uv_size": [2, 6]},
								"south": {"uv": [31, 148], "uv_size": [6, 6]},
								"west": {"uv": [56, 60], "uv_size": [2, 6]},
								"up": {"uv": [120, 98], "uv_size": [6, 2]},
								"down": {"uv": [122, 90], "uv_size": [6, -2]}
							}
						},
						{
							"origin": [-4.975, 49.97538, -0.68713],
							"size": [1.975, 7, 6],
							"uv": {
								"north": {"uv": [99, 166], "uv_size": [2, 7]},
								"east": {"uv": [144, 62], "uv_size": [6, 7]},
								"south": {"uv": [103, 168], "uv_size": [2, 7]},
								"west": {"uv": [144, 73], "uv_size": [6, 7]},
								"up": {"uv": [166, 168], "uv_size": [2, 6]},
								"down": {"uv": [168, 174], "uv_size": [2, -6]}
							}
						},
						{
							"origin": [-3.5, 48.63017, -4.90499],
							"size": [7, 3, 2],
							"pivot": [0, 50.13017, 0.09501],
							"rotation": [15, 0, 0],
							"uv": {
								"north": {"uv": [163, 0], "uv_size": [7, 3]},
								"east": {"uv": [113, 172], "uv_size": [2, 3]},
								"south": {"uv": [163, 14], "uv_size": [7, 3]},
								"west": {"uv": [172, 118], "uv_size": [2, 3]},
								"up": {"uv": [68, 64], "uv_size": [7, 2]},
								"down": {"uv": [166, 106], "uv_size": [7, -2]}
							}
						}
					]
				},
				{
					"name": "glass",
					"parent": "Helmet",
					"pivot": [0, 48.15479, -0.21786],
					"cubes": [
						{
							"origin": [5.975, 47.97778, -5.47946],
							"size": [0.025, 12, 5],
							"pivot": [0, 58.06077, -2.23019],
							"rotation": [-7.5, 0, 0],
							"uv": {
								"east": {"uv": [129, 190], "uv_size": [-5, 12]},
								"west": {"uv": [124, 190], "uv_size": [5, 12]}
							}
						},
						{
							"origin": [-6, 47.97778, -5.47946],
							"size": [0.025, 12, 5],
							"pivot": [0, 58.06077, -2.23019],
							"rotation": [-7.5, 0, 0],
							"uv": {
								"east": {"uv": [129, 190], "uv_size": [-5, 12]},
								"west": {"uv": [124, 190], "uv_size": [5, 12]}
							}
						},
						{
							"origin": [-6, 47.97778, -5.47946],
							"size": [12, 12, 0.025],
							"pivot": [0, 58.06077, -2.23019],
							"rotation": [-7.5, 0, 0],
							"uv": {
								"north": {"uv": [214, 10], "uv_size": [-12, 12]},
								"south": {"uv": [202, 10], "uv_size": [12, 12]}
							}
						}
					]
				},
				{
					"name": "LeftArm",
					"parent": "Breast",
					"pivot": [8.20822, 41.13815, 0.5],
					"cubes": [
						{
							"origin": [4.07294, 50.85185, -4.5],
							"size": [14, 3, 10],
							"pivot": [11.07294, 51.29104, 0.5],
							"rotation": [0, 0, 7.5],
							"uv": {
								"north": {"uv": [143, 12], "uv_size": [14, 3]},
								"east": {"uv": [154, 8], "uv_size": [10, 3]},
								"south": {"uv": [143, 100], "uv_size": [14, 3]},
								"west": {"uv": [154, 69], "uv_size": [10, 3]},
								"up": {"uv": [20, 24], "uv_size": [14, 10]},
								"down": {"uv": [32, 10], "uv_size": [14, -10]}
							}
						},
						{
							"origin": [4.09794, 44.70895, -4.93574],
							"size": [13.95, 8, 2],
							"pivot": [11.07294, 51.29104, 0.5],
							"rotation": [-12.5, 0, 7.5],
							"uv": {
								"north": {"uv": [24, 34], "uv_size": [14, 8]},
								"east": {"uv": [32, 108], "uv_size": [2, 8]},
								"south": {"uv": [38, 33], "uv_size": [14, 8]},
								"west": {"uv": [8, 118], "uv_size": [2, 8]},
								"up": {"uv": [152, 25], "uv_size": [14, 2]},
								"down": {"uv": [155, 60], "uv_size": [14, -2]}
							}
						},
						{
							"origin": [4.09794, 44.70895, 3.93574],
							"size": [13.95, 8, 2],
							"pivot": [11.07294, 51.29104, 0.5],
							"rotation": [12.5, 0, 7.5],
							"uv": {
								"north": {"uv": [38, 41], "uv_size": [14, 8]},
								"east": {"uv": [44, 139], "uv_size": [2, 8]},
								"south": {"uv": [24, 42], "uv_size": [14, 8]},
								"west": {"uv": [87, 163], "uv_size": [2, 8]},
								"up": {"uv": [155, 60], "uv_size": [14, 2]},
								"down": {"uv": [155, 109], "uv_size": [14, -2]}
							}
						},
						{
							"origin": [5, 40, -3],
							"size": [8, 7, 7],
							"pivot": [9.5, 43.5, 0.5],
							"rotation": [0, 0, -45],
							"uv": {
								"north": {"uv": [76, 124], "uv_size": [8, 7]},
								"east": {"uv": [133, 22], "uv_size": [7, 7]},
								"south": {"uv": [125, 16], "uv_size": [8, 7]},
								"west": {"uv": [133, 46], "uv_size": [7, 7]},
								"up": {"uv": [125, 23], "uv_size": [8, 7]},
								"down": {"uv": [125, 56], "uv_size": [8, -7]}
							}
						},
						{
							"origin": [12, 37, -4],
							"size": [9, 10, 9],
							"pivot": [16, 39.5, 0.5],
							"rotation": [0, 0, -22.5],
							"uv": {
								"north": {"uv": [56, 75], "uv_size": [9, 10]},
								"east": {"uv": [75, 60], "uv_size": [9, 10]},
								"south": {"uv": [75, 70], "uv_size": [9, 10]},
								"west": {"uv": [76, 7], "uv_size": [9, 10]},
								"up": {"uv": [84, 56], "uv_size": [9, 9]},
								"down": {"uv": [84, 74], "uv_size": [9, -9]}
							}
						},
						{
							"origin": [12.27748, 34.51534, -5.16114],
							"size": [11, 7, 7],
							"pivot": [17.77748, 36.51534, -1.66114],
							"rotation": [-40, 0, -22.5],
							"uv": {
								"north": {"uv": [90, 74], "uv_size": [11, 7]},
								"east": {"uv": [133, 123], "uv_size": [7, 7]},
								"south": {"uv": [90, 81], "uv_size": [11, 7]},
								"west": {"uv": [133, 130], "uv_size": [7, 7]},
								"up": {"uv": [90, 88], "uv_size": [11, 7]},
								"down": {"uv": [79, 99], "uv_size": [11, -7]}
							}
						},
						{
							"origin": [4.07294, 45.85185, -4],
							"size": [11, 6, 9],
							"uv": {
								"north": {"uv": [108, 66], "uv_size": [11, 6]},
								"east": {"uv": [0, 126], "uv_size": [9, 6]},
								"south": {"uv": [111, 45], "uv_size": [11, 6]},
								"west": {"uv": [127, 69], "uv_size": [9, 6]},
								"up": {"uv": [34, 60], "uv_size": [11, 9]},
								"down": {"uv": [45, 69], "uv_size": [11, -9]}
							}
						}
					]
				},
				{
					"name": "LeftArm2",
					"parent": "LeftArm",
					"pivot": [16.80352, 37.63828, 1.08911],
					"cubes": [
						{
							"origin": [13.94975, 32.73262, -7.41846],
							"size": [9, 7, 9],
							"pivot": [18.44975, 35.23262, -2.91846],
							"rotation": [-52.5, 0, -22.5],
							"uv": {
								"north": {"uv": [122, 42], "uv_size": [9, 7]},
								"east": {"uv": [122, 57], "uv_size": [9, 7]},
								"south": {"uv": [122, 81], "uv_size": [9, 7]},
								"west": {"uv": [123, 34], "uv_size": [9, 7]},
								"up": {"uv": [85, 0], "uv_size": [9, 9]},
								"down": {"uv": [60, 97], "uv_size": [9, -9]}
							}
						}
					]
				},
				{
					"name": "LeftHand",
					"parent": "LeftArm2",
					"pivot": [19.44975, 34.83262, -5.31846],
					"cubes": [
						{
							"origin": [13.94975, 28.73262, -8.41846],
							"size": [10, 4, 11],
							"pivot": [18.44975, 35.23262, -2.91846],
							"rotation": [-52.5, 0, -22.5],
							"uv": {
								"north": {"uv": [85, 147], "uv_size": [10, 4]},
								"east": {"uv": [143, 96], "uv_size": [11, 4]},
								"south": {"uv": [95, 147], "uv_size": [10, 4]},
								"west": {"uv": [103, 143], "uv_size": [11, 4]},
								"up": {"uv": [14, 47], "uv_size": [10, 11]},
								"down": {"uv": [38, 60], "uv_size": [10, -11]}
							}
						},
						{
							"origin": [21.94975, 23.73262, -8.41846],
							"size": [2, 5, 11],
							"pivot": [18.44975, 35.23262, -2.91846],
							"rotation": [-52.5, 0, -22.5],
							"uv": {
								"north": {"uv": [171, 51], "uv_size": [2, 5]},
								"east": {"uv": [137, 103], "uv_size": [-11, 5]},
								"south": {"uv": [171, 56], "uv_size": [2, 5]},
								"west": {"uv": [126, 103], "uv_size": [11, 5]},
								"up": {"uv": [126, 157], "uv_size": [2, 11]},
								"down": {"uv": [28, 171], "uv_size": [2, -11]}
							}
						}
					]
				},
				{
					"name": "LeftFinger1",
					"parent": "LeftHand",
					"pivot": [16.32064, 32.35578, -10.22373],
					"cubes": [
						{
							"origin": [15.72064, 29.25578, -14.12373],
							"size": [3, 5, 3],
							"pivot": [17.22064, 30.75578, -12.62373],
							"rotation": [-52.4736, -1.9832, -24.0225],
							"uv": {
								"north": {"uv": [168, 46], "uv_size": [3, 5]},
								"east": {"uv": [168, 51], "uv_size": [3, 5]},
								"south": {"uv": [168, 68], "uv_size": [3, 5]},
								"west": {"uv": [168, 80], "uv_size": [3, 5]},
								"up": {"uv": [171, 89], "uv_size": [3, 3]},
								"down": {"uv": [92, 174], "uv_size": [3, -3]}
							}
						}
					]
				},
				{
					"name": "LeftFinger2",
					"parent": "LeftHand",
					"pivot": [22.02397, 34.21718, -10.65168],
					"cubes": [
						{
							"origin": [20.82397, 27.01718, -14.15168],
							"size": [3, 7, 3],
							"pivot": [13.32397, 27.51718, -9.65168],
							"rotation": [-50.2887, 17.6741, -8.3475],
							"uv": {
								"north": {"uv": [50, 162], "uv_size": [3, 7]},
								"east": {"uv": [162, 121], "uv_size": [3, 7]},
								"south": {"uv": [122, 162], "uv_size": [3, 7]},
								"west": {"uv": [162, 160], "uv_size": [3, 7]},
								"up": {"uv": [95, 171], "uv_size": [3, 3]},
								"down": {"uv": [171, 109], "uv_size": [3, -3]}
							}
						}
					]
				},
				{
					"name": "LeftFinger3",
					"parent": "LeftHand",
					"pivot": [23.22397, 31.11718, -8.85168],
					"cubes": [
						{
							"origin": [20.82397, 27.01718, -10.15168],
							"size": [3, 7, 2],
							"pivot": [13.32397, 27.51718, -9.65168],
							"rotation": [-50.2887, 17.6741, -8.3475],
							"uv": {
								"north": {"uv": [84, 163], "uv_size": [3, 7]},
								"east": {"uv": [135, 168], "uv_size": [2, 7]},
								"south": {"uv": [163, 99], "uv_size": [3, 7]},
								"west": {"uv": [137, 168], "uv_size": [2, 7]},
								"up": {"uv": [134, 7], "uv_size": [3, 2]},
								"down": {"uv": [156, 147], "uv_size": [3, -2]}
							}
						}
					]
				},
				{
					"name": "LeftFinger4",
					"parent": "LeftHand",
					"pivot": [23.42397, 29.31718, -5.85168],
					"cubes": [
						{
							"origin": [20.82397, 27.01718, -7.15168],
							"size": [3, 7, 2],
							"pivot": [13.32397, 27.51718, -9.65168],
							"rotation": [-50.2887, 17.6741, -8.3475],
							"uv": {
								"north": {"uv": [163, 40], "uv_size": [3, 7]},
								"east": {"uv": [131, 168], "uv_size": [2, 7]},
								"south": {"uv": [81, 163], "uv_size": [3, 7]},
								"west": {"uv": [133, 168], "uv_size": [2, 7]},
								"up": {"uv": [122, 49], "uv_size": [3, 2]},
								"down": {"uv": [100, 127], "uv_size": [3, -2]}
							}
						}
					]
				},
				{
					"name": "RightArm",
					"parent": "Breast",
					"pivot": [-10.00352, 41.43828, 0.88911],
					"cubes": [
						{
							"origin": [-13, 40, -3],
							"size": [8, 7, 7],
							"pivot": [-9.5, 43.5, 0.5],
							"rotation": [0, 0, 45],
							"uv": {
								"north": {"uv": [67, 125], "uv_size": [8, 7]},
								"east": {"uv": [134, 0], "uv_size": [7, 7]},
								"south": {"uv": [84, 125], "uv_size": [8, 7]},
								"west": {"uv": [134, 88], "uv_size": [7, 7]},
								"up": {"uv": [92, 125], "uv_size": [8, 7]},
								"down": {"uv": [125, 130], "uv_size": [8, -7]}
							}
						},
						{
							"origin": [-23.27748, 34.51534, -5.16114],
							"size": [11, 7, 7],
							"pivot": [-17.77748, 36.51534, -1.66114],
							"rotation": [-40, 0, 22.5],
							"uv": {
								"north": {"uv": [25, 93], "uv_size": [11, 7]},
								"east": {"uv": [136, 69], "uv_size": [7, 7]},
								"south": {"uv": [36, 93], "uv_size": [11, 7]},
								"west": {"uv": [94, 136], "uv_size": [7, 7]},
								"up": {"uv": [93, 53], "uv_size": [11, 7]},
								"down": {"uv": [93, 67], "uv_size": [11, -7]}
							}
						},
						{
							"origin": [-21, 37, -4],
							"size": [9, 10, 9],
							"pivot": [-16, 39.5, 0.5],
							"rotation": [0, 0, 22.5],
							"uv": {
								"north": {"uv": [65, 78], "uv_size": [9, 10]},
								"east": {"uv": [80, 17], "uv_size": [9, 10]},
								"south": {"uv": [80, 27], "uv_size": [9, 10]},
								"west": {"uv": [74, 80], "uv_size": [9, 10]},
								"up": {"uv": [89, 27], "uv_size": [9, 9]},
								"down": {"uv": [89, 45], "uv_size": [9, -9]}
							}
						},
						{
							"origin": [-18.04794, 44.70895, 3.93574],
							"size": [13.95, 8, 2],
							"pivot": [-11.07294, 51.29104, 0.5],
							"rotation": [12.5, 0, -7.5],
							"uv": {
								"north": {"uv": [52, 41], "uv_size": [-14, 8]},
								"east": {"uv": [89, 163], "uv_size": [-2, 8]},
								"south": {"uv": [38, 42], "uv_size": [-14, 8]},
								"west": {"uv": [46, 139], "uv_size": [-2, 8]},
								"up": {"uv": [169, 60], "uv_size": [-14, 2]},
								"down": {"uv": [169, 109], "uv_size": [-14, -2]}
							}
						},
						{
							"origin": [-18.04794, 44.70895, -4.93574],
							"size": [13.95, 8, 2],
							"pivot": [-11.07294, 51.29104, 0.5],
							"rotation": [-12.5, 0, -7.5],
							"uv": {
								"north": {"uv": [54, 197], "uv_size": [-14, 8]},
								"east": {"uv": [10, 118], "uv_size": [-2, 8]},
								"south": {"uv": [52, 33], "uv_size": [-14, 8]},
								"west": {"uv": [34, 108], "uv_size": [-2, 8]},
								"up": {"uv": [166, 25], "uv_size": [-14, 2]},
								"down": {"uv": [169, 60], "uv_size": [-14, -2]}
							}
						},
						{
							"origin": [-18.07294, 50.85185, -4.5],
							"size": [14, 3, 10],
							"pivot": [-11.07294, 51.29104, 0.5],
							"rotation": [0, 0, -7.5],
							"uv": {
								"north": {"uv": [157, 12], "uv_size": [-14, 3]},
								"east": {"uv": [164, 69], "uv_size": [-10, 3]},
								"south": {"uv": [157, 100], "uv_size": [-14, 3]},
								"west": {"uv": [164, 8], "uv_size": [-10, 3]},
								"up": {"uv": [34, 24], "uv_size": [-14, 10]},
								"down": {"uv": [46, 10], "uv_size": [-14, -10]}
							}
						},
						{
							"origin": [-15.07294, 45.85185, -4],
							"size": [11, 6, 9],
							"uv": {
								"north": {"uv": [119, 66], "uv_size": [-11, 6]},
								"east": {"uv": [136, 69], "uv_size": [-9, 6]},
								"south": {"uv": [122, 45], "uv_size": [-11, 6]},
								"west": {"uv": [9, 126], "uv_size": [-9, 6]},
								"up": {"uv": [45, 60], "uv_size": [-11, 9]},
								"down": {"uv": [56, 69], "uv_size": [-11, -9]}
							}
						}
					]
				},
				{
					"name": "RightArm2",
					"parent": "RightArm",
					"pivot": [-18.80352, 36.33828, -1.51089],
					"cubes": [
						{
							"origin": [-23.30352, 31.53828, -8.41089],
							"size": [9, 7, 9],
							"pivot": [-18.80352, 34.03828, -3.91089],
							"rotation": [-52.5, 0, 22.5],
							"uv": {
								"north": {"uv": [40, 123], "uv_size": [9, 7]},
								"east": {"uv": [107, 123], "uv_size": [9, 7]},
								"south": {"uv": [123, 109], "uv_size": [9, 7]},
								"west": {"uv": [116, 123], "uv_size": [9, 7]},
								"up": {"uv": [89, 9], "uv_size": [9, 9]},
								"down": {"uv": [89, 27], "uv_size": [9, -9]}
							}
						}
					]
				},
				{
					"name": "RughtHand",
					"parent": "RightArm2",
					"pivot": [-19.90352, 33.53828, -5.21089],
					"cubes": [
						{
							"origin": [-24.30352, 27.53828, -9.41089],
							"size": [10, 4, 11],
							"pivot": [-18.80352, 34.03828, -3.91089],
							"rotation": [-52.5, 0, 22.5],
							"uv": {
								"north": {"uv": [43, 148], "uv_size": [10, 4]},
								"east": {"uv": [144, 37], "uv_size": [11, 4]},
								"south": {"uv": [6, 149], "uv_size": [10, 4]},
								"west": {"uv": [144, 58], "uv_size": [11, 4]},
								"up": {"uv": [48, 49], "uv_size": [10, 11]},
								"down": {"uv": [24, 61], "uv_size": [10, -11]}
							}
						},
						{
							"origin": [-24.30352, 22.53828, -9.41089],
							"size": [2, 5, 11],
							"pivot": [-18.80352, 34.03828, -3.91089],
							"rotation": [-52.5, 0, 22.5],
							"uv": {
								"north": {"uv": [173, 51], "uv_size": [-2, 5]},
								"east": {"uv": [137, 103], "uv_size": [-11, 5]},
								"south": {"uv": [173, 56], "uv_size": [-2, 5]},
								"west": {"uv": [126, 103], "uv_size": [11, 5]},
								"up": {"uv": [128, 157], "uv_size": [-2, 11]},
								"down": {"uv": [30, 171], "uv_size": [-2, -11]}
							}
						}
					]
				},
				{
					"name": "Hammer",
					"parent": "RughtHand",
					"pivot": [-21, 28.32843, -11.2],
					"cubes": [
						{
							"origin": [-22.04732, 21.41001, -12.26465],
							"size": [2, 41, 2],
							"uv": {
								"north": {"uv": [23, 83], "uv_size": [2, 41]},
								"east": {"uv": [23, 83], "uv_size": [2, 41]},
								"south": {"uv": [58, 85], "uv_size": [2, 41]},
								"west": {"uv": [58, 85], "uv_size": [2, 41]},
								"up": {"uv": [138, 121], "uv_size": [2, 2]},
								"down": {"uv": [71, 141], "uv_size": [2, -2]}
							}
						}
					]
				},
				{
					"name": "Hammer1",
					"parent": "Hammer",
					"pivot": [-21.04732, 58.23844, -19.26465],
					"cubes": [
						{
							"origin": [-26.04732, 61.41001, -15.26465],
							"size": [10, 7, 13],
							"uv": {
								"north": {"uv": [108, 101], "uv_size": [10, 7]},
								"east": {"uv": [70, 0], "uv_size": [13, 7]},
								"south": {"uv": [108, 108], "uv_size": [10, 7]},
								"west": {"uv": [75, 38], "uv_size": [13, 7]},
								"up": {"uv": [14, 34], "uv_size": [10, 13]},
								"down": {"uv": [34, 33], "uv_size": [10, -13]}
							}
						},
						{
							"origin": [-26.02232, 62.03133, -5.76465],
							"size": [9.95, 9.9, 5],
							"pivot": [-21.04732, 63.53133, -2.26465],
							"rotation": [-45, 0, 0],
							"uv": {
								"north": {"uv": [58, 56], "uv_size": [10, 10]},
								"east": {"uv": [75, 131], "uv_size": [5, 10]},
								"south": {"uv": [60, 0], "uv_size": [10, 10]},
								"west": {"uv": [0, 132], "uv_size": [5, 10]},
								"up": {"uv": [131, 41], "uv_size": [10, 5]},
								"down": {"uv": [131, 61], "uv_size": [10, -5]}
							}
						},
						{
							"origin": [-26.04732, 68.41001, -2.26465],
							"size": [10, 4, 7],
							"uv": {
								"north": {"uv": [149, 103], "uv_size": [10, 4]},
								"east": {"uv": [125, 30], "uv_size": [7, 4]},
								"south": {"uv": [150, 62], "uv_size": [10, 4]},
								"west": {"uv": [109, 155], "uv_size": [7, 4]},
								"up": {"uv": [93, 110], "uv_size": [10, 7]},
								"down": {"uv": [0, 118], "uv_size": [10, -7]}
							}
						},
						{
							"origin": [-27.04732, 59.41001, -23.26465],
							"size": [12, 12, 8],
							"uv": {
								"north": {"uv": [20, 0], "uv_size": [12, 12]},
								"east": {"uv": [67, 66], "uv_size": [8, 12]},
								"south": {"uv": [20, 12], "uv_size": [12, 12]},
								"west": {"uv": [68, 10], "uv_size": [8, 12]},
								"up": {"uv": [68, 22], "uv_size": [12, 8]},
								"down": {"uv": [68, 38], "uv_size": [12, -8]}
							}
						},
						{
							"origin": [-23.04732, 65.58158, -13.26465],
							"size": [6, 6, 11],
							"pivot": [-21.04732, 69.58158, -8.76465],
							"rotation": [0, 0, 45],
							"uv": {
								"north": {"uv": [122, 151], "uv_size": [6, 6]},
								"east": {"uv": [114, 28], "uv_size": [11, 6]},
								"south": {"uv": [150, 151], "uv_size": [6, 6]},
								"west": {"uv": [114, 51], "uv_size": [11, 6]},
								"up": {"uv": [85, 114], "uv_size": [6, 11]},
								"down": {"uv": [114, 101], "uv_size": [6, -11]}
							}
						},
						{
							"origin": [-26.04732, 68.41001, -15.26465],
							"size": [10, 4, 2],
							"uv": {
								"north": {"uv": [150, 73], "uv_size": [10, 4]},
								"east": {"uv": [75, 172], "uv_size": [2, 4]},
								"south": {"uv": [150, 83], "uv_size": [10, 4]},
								"west": {"uv": [172, 75], "uv_size": [2, 4]},
								"up": {"uv": [159, 23], "uv_size": [10, 2]},
								"down": {"uv": [162, 80], "uv_size": [10, -2]}
							}
						},
						{
							"origin": [-25.04732, 58.41001, -15.26465],
							"size": [8, 3, 8],
							"uv": {
								"north": {"uv": [159, 27], "uv_size": [8, 3]},
								"east": {"uv": [160, 3], "uv_size": [8, 3]},
								"south": {"uv": [160, 62], "uv_size": [8, 3]},
								"west": {"uv": [160, 72], "uv_size": [8, 3]},
								"up": {"uv": [120, 8], "uv_size": [8, 8]},
								"down": {"uv": [120, 98], "uv_size": [8, -8]}
							}
						},
						{
							"origin": [-25.02232, 59.03133, -8.76465],
							"size": [7.95, 3, 5],
							"pivot": [-21.04732, 60.53133, -7.26465],
							"rotation": [45, 0, 0],
							"uv": {
								"north": {"uv": [81, 160], "uv_size": [8, 3]},
								"east": {"uv": [18, 58], "uv_size": [5, 3]},
								"south": {"uv": [160, 83], "uv_size": [8, 3]},
								"west": {"uv": [70, 7], "uv_size": [5, 3]},
								"up": {"uv": [105, 147], "uv_size": [8, 5]},
								"down": {"uv": [132, 155], "uv_size": [8, -5]}
							}
						},
						{
							"origin": [-27.04732, 71.41001, -19.26465],
							"size": [12, 4, 4],
							"uv": {
								"north": {"uv": [139, 137], "uv_size": [12, 4]},
								"east": {"uv": [166, 38], "uv_size": [4, 4]},
								"south": {"uv": [140, 15], "uv_size": [12, 4]},
								"west": {"uv": [166, 42], "uv_size": [4, 4]},
								"up": {"uv": [140, 19], "uv_size": [12, 4]},
								"down": {"uv": [140, 27], "uv_size": [12, -4]}
							}
						},
						{
							"origin": [-27.04732, 55.41001, -19.26465],
							"size": [12, 4, 4],
							"uv": {
								"north": {"uv": [140, 46], "uv_size": [12, 4]},
								"east": {"uv": [77, 166], "uv_size": [4, 4]},
								"south": {"uv": [140, 50], "uv_size": [12, 4]},
								"west": {"uv": [89, 166], "uv_size": [4, 4]},
								"up": {"uv": [140, 121], "uv_size": [12, 4]},
								"down": {"uv": [140, 129], "uv_size": [12, -4]}
							}
						},
						{
							"origin": [-27.02232, 68.93158, -21.26465],
							"size": [11.95, 5.65, 4],
							"pivot": [-21.04732, 72.58158, -19.26465],
							"rotation": [-45, 0, 0],
							"uv": {
								"north": {"uv": [99, 46], "uv_size": [12, 6]},
								"east": {"uv": [89, 160], "uv_size": [4, 6]},
								"south": {"uv": [34, 100], "uv_size": [12, 6]},
								"west": {"uv": [160, 90], "uv_size": [4, 6]},
								"up": {"uv": [140, 129], "uv_size": [12, 4]},
								"down": {"uv": [140, 137], "uv_size": [12, -4]}
							}
						},
						{
							"origin": [-27.02232, 56.23844, -21.26465],
							"size": [11.95, 5.675, 4],
							"pivot": [-21.04732, 58.23844, -19.26465],
							"rotation": [45, 0, 0],
							"uv": {
								"north": {"uv": [101, 72], "uv_size": [12, 6]},
								"east": {"uv": [93, 160], "uv_size": [4, 6]},
								"south": {"uv": [101, 78], "uv_size": [12, 6]},
								"west": {"uv": [97, 160], "uv_size": [4, 6]},
								"up": {"uv": [141, 0], "uv_size": [12, 4]},
								"down": {"uv": [141, 45], "uv_size": [12, -4]}
							}
						}
					]
				},
				{
					"name": "Hammer2",
					"parent": "Hammer",
					"pivot": [-21.04732, 15.41001, 23.73535],
					"cubes": [
						{
							"origin": [-23.04732, 15.41001, -13.26465],
							"size": [4, 6, 4],
							"uv": {
								"north": {"uv": [39, 160], "uv_size": [4, 6]},
								"east": {"uv": [39, 160], "uv_size": [4, 6]},
								"south": {"uv": [39, 160], "uv_size": [4, 6]},
								"west": {"uv": [77, 160], "uv_size": [4, 6]},
								"up": {"uv": [34, 166], "uv_size": [4, 4]},
								"down": {"uv": [38, 170], "uv_size": [4, -4]}
							}
						}
					]
				},
				{
					"name": "RightFinger1",
					"parent": "RughtHand",
					"pivot": [-17.17441, 30.86144, -11.21616],
					"cubes": [
						{
							"origin": [-19.07441, 28.06144, -15.11616],
							"size": [3, 5, 3],
							"pivot": [-17.57441, 29.56144, -13.61616],
							"rotation": [-52.4736, 1.9832, 24.0225],
							"uv": {
								"north": {"uv": [168, 89], "uv_size": [3, 5]},
								"east": {"uv": [125, 168], "uv_size": [3, 5]},
								"south": {"uv": [168, 125], "uv_size": [3, 5]},
								"west": {"uv": [128, 168], "uv_size": [3, 5]},
								"up": {"uv": [171, 115], "uv_size": [3, 3]},
								"down": {"uv": [171, 128], "uv_size": [3, -3]}
							}
						}
					]
				},
				{
					"name": "RightFinger2",
					"parent": "RughtHand",
					"pivot": [-21.37773, 32.82284, -11.34412],
					"cubes": [
						{
							"origin": [-24.17773, 25.82284, -15.14412],
							"size": [3, 7, 3],
							"pivot": [-13.67773, 26.32284, -10.64412],
							"rotation": [-50.2887, -17.6741, 8.3475],
							"uv": {
								"north": {"uv": [152, 163], "uv_size": [3, 7]},
								"east": {"uv": [4, 164], "uv_size": [3, 7]},
								"south": {"uv": [7, 164], "uv_size": [3, 7]},
								"west": {"uv": [10, 164], "uv_size": [3, 7]},
								"up": {"uv": [171, 109], "uv_size": [3, 3]},
								"down": {"uv": [171, 115], "uv_size": [3, -3]}
							}
						}
					]
				},
				{
					"name": "RightFinger3",
					"parent": "RughtHand",
					"pivot": [-23.17773, 31.12284, -8.54412],
					"cubes": [
						{
							"origin": [-24.17773, 25.82284, -11.14412],
							"size": [3, 7, 2],
							"pivot": [-13.67773, 26.32284, -10.64412],
							"rotation": [-50.2887, -17.6741, 8.3475],
							"uv": {
								"north": {"uv": [163, 133], "uv_size": [3, 7]},
								"east": {"uv": [139, 168], "uv_size": [2, 7]},
								"south": {"uv": [163, 143], "uv_size": [3, 7]},
								"west": {"uv": [141, 168], "uv_size": [2, 7]},
								"up": {"uv": [172, 94], "uv_size": [3, 2]},
								"down": {"uv": [172, 98], "uv_size": [3, -2]}
							}
						}
					]
				},
				{
					"name": "RightFinger4",
					"parent": "RughtHand",
					"pivot": [-23.37773, 28.02284, -7.24412],
					"cubes": [
						{
							"origin": [-24.17773, 25.82284, -8.14412],
							"size": [3, 7, 2],
							"pivot": [-13.67773, 26.32284, -10.64412],
							"rotation": [-50.2887, -17.6741, 8.3475],
							"uv": {
								"north": {"uv": [146, 163], "uv_size": [3, 7]},
								"east": {"uv": [168, 148], "uv_size": [2, 7]},
								"south": {"uv": [149, 163], "uv_size": [3, 7]},
								"west": {"uv": [155, 168], "uv_size": [2, 7]},
								"up": {"uv": [172, 98], "uv_size": [3, 2]},
								"down": {"uv": [172, 102], "uv_size": [3, -2]}
							}
						}
					]
				},
				{
					"name": "RightLeg",
					"parent": "Full2",
					"pivot": [-4.78541, 25.56794, 1.63053],
					"cubes": [
						{
							"origin": [-7, 23, -5],
							"size": [4, 5, 3],
							"pivot": [0, 25.25, 2],
							"rotation": [10, 0, 0],
							"uv": {
								"north": {"uv": [5, 132], "uv_size": [4, 5]},
								"east": {"uv": [161, 167], "uv_size": [3, 5]},
								"south": {"uv": [164, 6], "uv_size": [4, 5]},
								"west": {"uv": [168, 3], "uv_size": [3, 5]},
								"up": {"uv": [170, 0], "uv_size": [4, 3]},
								"down": {"uv": [170, 30], "uv_size": [4, -3]}
							}
						},
						{
							"origin": [-9.89949, 23.025, 2],
							"size": [3, 3.95, 4.225],
							"pivot": [0, 25.25, 2],
							"rotation": [14.0019, -44.136, -9.8511],
							"uv": {
								"north": {"uv": [170, 36], "uv_size": [3, 4]},
								"east": {"uv": [140, 164], "uv_size": [4, 4]},
								"south": {"uv": [37, 170], "uv_size": [3, 4]},
								"west": {"uv": [155, 164], "uv_size": [4, 4]},
								"up": {"uv": [170, 40], "uv_size": [3, 4]},
								"down": {"uv": [77, 174], "uv_size": [3, -4]}
							}
						},
						{
							"origin": [-10, 23, -2],
							"size": [3, 4, 8],
							"pivot": [0, 25.25, 2],
							"rotation": [10, 0, 0],
							"uv": {
								"north": {"uv": [80, 170], "uv_size": [3, 4]},
								"east": {"uv": [55, 152], "uv_size": [8, 4]},
								"south": {"uv": [83, 170], "uv_size": [3, 4]},
								"west": {"uv": [63, 152], "uv_size": [8, 4]},
								"up": {"uv": [109, 159], "uv_size": [3, 8]},
								"down": {"uv": [112, 167], "uv_size": [3, -8]}
							}
						},
						{
							"origin": [-9.89949, 23.025, -2.225],
							"size": [3, 3.95, 4.225],
							"pivot": [0, 25.25, 2],
							"rotation": [14.0019, 44.136, 9.8511],
							"uv": {
								"north": {"uv": [89, 170], "uv_size": [3, 4]},
								"east": {"uv": [30, 165], "uv_size": [4, 4]},
								"south": {"uv": [146, 170], "uv_size": [3, 4]},
								"west": {"uv": [165, 30], "uv_size": [4, 4]},
								"up": {"uv": [170, 147], "uv_size": [3, 4]},
								"down": {"uv": [149, 174], "uv_size": [3, -4]}
							}
						},
						{
							"origin": [-13.90038, 13.43777, 1.07687],
							"size": [11, 4, 4],
							"pivot": [-8.40038, 15.43777, 3.07687],
							"rotation": [52.4539, -1.0809, 4.8821],
							"uv": {
								"north": {"uv": [143, 8], "uv_size": [11, 4]},
								"east": {"uv": [18, 166], "uv_size": [4, 4]},
								"south": {"uv": [143, 69], "uv_size": [11, 4]},
								"west": {"uv": [22, 166], "uv_size": [4, 4]},
								"up": {"uv": [92, 143], "uv_size": [11, 4]},
								"down": {"uv": [143, 96], "uv_size": [11, -4]}
							}
						},
						{
							"origin": [-9.78541, 12.96794, -1.86947],
							"size": [7, 13, 7],
							"pivot": [-6.78541, 20.96794, 1.63053],
							"rotation": [-7.3242, 1.6189, 24.8964],
							"uv": {
								"north": {"uv": [36, 69], "uv_size": [7, 13]},
								"east": {"uv": [43, 69], "uv_size": [7, 13]},
								"south": {"uv": [18, 70], "uv_size": [7, 13]},
								"west": {"uv": [7, 75], "uv_size": [7, 13]},
								"up": {"uv": [132, 108], "uv_size": [7, 7]},
								"down": {"uv": [133, 22], "uv_size": [7, -7]}
							}
						},
						{
							"origin": [-7, 23, 6],
							"size": [4, 4, 3],
							"pivot": [-10, 25.25, 2],
							"rotation": [10, 0, 0],
							"uv": {
								"north": {"uv": [165, 34], "uv_size": [4, 4]},
								"east": {"uv": [170, 151], "uv_size": [3, 4]},
								"south": {"uv": [43, 165], "uv_size": [4, 4]},
								"west": {"uv": [152, 170], "uv_size": [3, 4]},
								"up": {"uv": [170, 167], "uv_size": [4, 3]},
								"down": {"uv": [170, 173], "uv_size": [4, -3]}
							}
						}
					]
				},
				{
					"name": "RightKnee",
					"parent": "RightLeg",
					"pivot": [-8.5, 15.59696, 3.04609],
					"cubes": [
						{
							"origin": [-13, 2.20442, 2.43837],
							"size": [9, 4, 6],
							"pivot": [-8.5, 6.20442, 4.43837],
							"rotation": [-15, 0, 0],
							"uv": {
								"north": {"uv": [94, 151], "uv_size": [9, 4]},
								"east": {"uv": [94, 132], "uv_size": [6, 4]},
								"south": {"uv": [113, 151], "uv_size": [9, 4]},
								"west": {"uv": [158, 129], "uv_size": [6, 4]},
								"up": {"uv": [106, 130], "uv_size": [9, 6]},
								"down": {"uv": [115, 136], "uv_size": [9, -6]}
							}
						},
						{
							"origin": [-11.975, 2.97861, -1.52632],
							"size": [6.95, 10, 7],
							"pivot": [-8.5, 8.97861, 1.97368],
							"rotation": [22.5, 0, 0],
							"uv": {
								"north": {"uv": [74, 107], "uv_size": [7, 10]},
								"east": {"uv": [107, 91], "uv_size": [7, 10]},
								"south": {"uv": [25, 108], "uv_size": [7, 10]},
								"west": {"uv": [108, 35], "uv_size": [7, 10]},
								"up": {"uv": [80, 132], "uv_size": [7, 7]},
								"down": {"uv": [87, 139], "uv_size": [7, -7]}
							}
						},
						{
							"origin": [-12.9, 10.79696, -3.85391],
							"size": [9, 8, 8],
							"pivot": [-8.5, 14.79696, 0.14609],
							"rotation": [12.4539, -1.0809, 4.8821],
							"uv": {
								"north": {"uv": [98, 95], "uv_size": [9, 8]},
								"east": {"uv": [91, 117], "uv_size": [8, 8]},
								"south": {"uv": [99, 38], "uv_size": [9, 8]},
								"west": {"uv": [0, 118], "uv_size": [8, 8]},
								"up": {"uv": [77, 99], "uv_size": [9, 8]},
								"down": {"uv": [25, 108], "uv_size": [9, -8]}
							}
						}
					]
				},
				{
					"name": "RightFoot",
					"parent": "RightKnee",
					"pivot": [-8.7, 4.1, 3.9],
					"cubes": [
						{
							"origin": [-12, 3, -3],
							"size": [7, 2, 10],
							"uv": {
								"north": {"uv": [155, 161], "uv_size": [7, 3]},
								"east": {"uv": [153, 41], "uv_size": [10, 3]},
								"south": {"uv": [161, 157], "uv_size": [7, 3]},
								"west": {"uv": [140, 153], "uv_size": [10, 3]},
								"up": {"uv": [107, 15], "uv_size": [7, 10]},
								"down": {"uv": [107, 35], "uv_size": [7, -10]}
							}
						},
						{
							"origin": [-11.975, 1.5, -4.37868],
							"size": [6.95, 2.825, 3],
							"pivot": [-8.5, 3, -2.87868],
							"rotation": [-45, 0, 0],
							"uv": {
								"north": {"uv": [43, 162], "uv_size": [7, 3]},
								"east": {"uv": [171, 5], "uv_size": [3, 3]},
								"south": {"uv": [162, 65], "uv_size": [7, 3]},
								"west": {"uv": [86, 171], "uv_size": [3, 3]},
								"up": {"uv": [162, 75], "uv_size": [7, 3]},
								"down": {"uv": [162, 89], "uv_size": [7, -3]}
							}
						},
						{
							"origin": [-12, 0, -5],
							"size": [7, 3, 12],
							"uv": {
								"north": {"uv": [115, 162], "uv_size": [7, 3]},
								"east": {"uv": [150, 77], "uv_size": [12, 3]},
								"south": {"uv": [162, 118], "uv_size": [7, 3]},
								"west": {"uv": [151, 137], "uv_size": [12, 3]},
								"up": {"uv": [83, 80], "uv_size": [7, 12]},
								"down": {"uv": [49, 96], "uv_size": [7, -12]}
							}
						}
					]
				},
				{
					"name": "LeftLeg",
					"parent": "Full2",
					"pivot": [3.6, 25.25, 2],
					"cubes": [
						{
							"origin": [7, 23, -2],
							"size": [3, 4, 8],
							"pivot": [0, 25.25, 2],
							"rotation": [10, 0, 0],
							"uv": {
								"north": {"uv": [169, 99], "uv_size": [3, 4]},
								"east": {"uv": [152, 50], "uv_size": [8, 4]},
								"south": {"uv": [169, 118], "uv_size": [3, 4]},
								"west": {"uv": [152, 54], "uv_size": [8, 4]},
								"up": {"uv": [71, 159], "uv_size": [3, 8]},
								"down": {"uv": [74, 167], "uv_size": [3, -8]}
							}
						},
						{
							"origin": [6.89949, 23.025, -2.25],
							"size": [3, 3.95, 4.25],
							"pivot": [0, 25.25, 2],
							"rotation": [14.0019, -44.136, -9.8511],
							"uv": {
								"north": {"uv": [169, 163], "uv_size": [3, 4]},
								"east": {"uv": [55, 143], "uv_size": [4, 4]},
								"south": {"uv": [170, 13], "uv_size": [3, 4]},
								"west": {"uv": [164, 68], "uv_size": [4, 4]},
								"up": {"uv": [18, 170], "uv_size": [3, 4]},
								"down": {"uv": [21, 174], "uv_size": [3, -4]}
							}
						},
						{
							"origin": [3, 23, 6],
							"size": [4, 4, 3],
							"pivot": [0, 25.25, 2],
							"rotation": [10, 0, 0],
							"uv": {
								"north": {"uv": [132, 164], "uv_size": [4, 4]},
								"east": {"uv": [170, 23], "uv_size": [3, 4]},
								"south": {"uv": [136, 164], "uv_size": [4, 4]},
								"west": {"uv": [34, 170], "uv_size": [3, 4]},
								"up": {"uv": [169, 65], "uv_size": [4, 3]},
								"down": {"uv": [169, 125], "uv_size": [4, -3]}
							}
						},
						{
							"origin": [2.78541, 12.96794, -1.86947],
							"size": [7, 13, 7],
							"pivot": [6.78541, 20.96794, 1.63053],
							"rotation": [-7.3242, -1.6189, -24.8964],
							"uv": {
								"north": {"uv": [68, 38], "uv_size": [7, 13]},
								"east": {"uv": [68, 51], "uv_size": [7, 13]},
								"south": {"uv": [0, 69], "uv_size": [7, 13]},
								"west": {"uv": [29, 69], "uv_size": [7, 13]},
								"up": {"uv": [21, 132], "uv_size": [7, 7]},
								"down": {"uv": [132, 37], "uv_size": [7, -7]}
							}
						},
						{
							"origin": [2.90038, 13.43777, 1.07687],
							"size": [11, 4, 4],
							"pivot": [8.40038, 15.43777, 3.07687],
							"rotation": [52.4539, 1.0809, -4.8821],
							"uv": {
								"north": {"uv": [141, 54], "uv_size": [11, 4]},
								"east": {"uv": [165, 160], "uv_size": [4, 4]},
								"south": {"uv": [141, 88], "uv_size": [11, 4]},
								"west": {"uv": [165, 164], "uv_size": [4, 4]},
								"up": {"uv": [139, 141], "uv_size": [11, 4]},
								"down": {"uv": [143, 8], "uv_size": [11, -4]}
							}
						},
						{
							"origin": [6.89949, 23.025, 2],
							"size": [3, 3.95, 4.225],
							"pivot": [0, 25.25, 2],
							"rotation": [14.0019, 44.136, 9.8511],
							"uv": {
								"north": {"uv": [121, 169], "uv_size": [3, 4]},
								"east": {"uv": [25, 78], "uv_size": [4, 4]},
								"south": {"uv": [169, 133], "uv_size": [3, 4]},
								"west": {"uv": [94, 5], "uv_size": [4, 4]},
								"up": {"uv": [169, 143], "uv_size": [3, 4]},
								"down": {"uv": [169, 163], "uv_size": [3, -4]}
							}
						},
						{
							"origin": [3, 23, -5],
							"size": [4, 5, 3],
							"pivot": [0, 25.25, 2],
							"rotation": [10, 0, 0],
							"uv": {
								"north": {"uv": [76, 17], "uv_size": [4, 5]},
								"east": {"uv": [109, 167], "uv_size": [3, 5]},
								"south": {"uv": [86, 99], "uv_size": [4, 5]},
								"west": {"uv": [112, 167], "uv_size": [3, 5]},
								"up": {"uv": [168, 130], "uv_size": [4, 3]},
								"down": {"uv": [168, 143], "uv_size": [4, -3]}
							}
						}
					]
				},
				{
					"name": "LeftKnee",
					"parent": "LeftLeg",
					"pivot": [8.5, 16.20442, 3.63837],
					"cubes": [
						{
							"origin": [5.025, 2.97861, -1.52632],
							"size": [6.95, 10, 7],
							"pivot": [8.5, 8.97861, 1.97368],
							"rotation": [22.5, 0, 0],
							"uv": {
								"north": {"uv": [86, 104], "uv_size": [7, 10]},
								"east": {"uv": [46, 105], "uv_size": [7, 10]},
								"south": {"uv": [34, 106], "uv_size": [7, 10]},
								"west": {"uv": [60, 106], "uv_size": [7, 10]},
								"up": {"uv": [59, 132], "uv_size": [7, 7]},
								"down": {"uv": [66, 139], "uv_size": [7, -7]}
							}
						},
						{
							"origin": [4, 2.20442, 2.43837],
							"size": [9, 4, 6],
							"pivot": [8.5, 6.20442, 4.43837],
							"rotation": [-15, 0, 0],
							"uv": {
								"north": {"uv": [150, 147], "uv_size": [9, 4]},
								"east": {"uv": [52, 45], "uv_size": [6, 4]},
								"south": {"uv": [85, 151], "uv_size": [9, 4]},
								"west": {"uv": [101, 91], "uv_size": [6, 4]},
								"up": {"uv": [127, 75], "uv_size": [9, 6]},
								"down": {"uv": [128, 15], "uv_size": [9, -6]}
							}
						},
						{
							"origin": [3.9, 10.79696, -3.85391],
							"size": [9, 8, 8],
							"pivot": [8.5, 14.79696, 0.14609],
							"rotation": [12.4539, 1.0809, -4.8821],
							"uv": {
								"north": {"uv": [98, 14], "uv_size": [9, 8]},
								"east": {"uv": [60, 116], "uv_size": [8, 8]},
								"south": {"uv": [98, 22], "uv_size": [9, 8]},
								"west": {"uv": [68, 117], "uv_size": [8, 8]},
								"up": {"uv": [98, 30], "uv_size": [9, 8]},
								"down": {"uv": [68, 106], "uv_size": [9, -8]}
							}
						}
					]
				},
				{
					"name": "LeftFoot",
					"parent": "LeftKnee",
					"pivot": [8.5, 4.2, 4.02132],
					"cubes": [
						{
							"origin": [5, 0, -5],
							"size": [7, 3, 12],
							"uv": {
								"north": {"uv": [115, 42], "uv_size": [7, 3]},
								"east": {"uv": [145, 34], "uv_size": [12, 3]},
								"south": {"uv": [131, 61], "uv_size": [7, 3]},
								"west": {"uv": [150, 66], "uv_size": [12, 3]},
								"up": {"uv": [0, 82], "uv_size": [7, 12]},
								"down": {"uv": [14, 95], "uv_size": [7, -12]}
							}
						},
						{
							"origin": [5, 3, -3],
							"size": [7, 2, 10],
							"uv": {
								"north": {"uv": [93, 72], "uv_size": [7, 2]},
								"east": {"uv": [34, 18], "uv_size": [10, 2]},
								"south": {"uv": [119, 75], "uv_size": [7, 2]},
								"west": {"uv": [0, 50], "uv_size": [10, 2]},
								"up": {"uv": [119, 65], "uv_size": [7, 10]},
								"down": {"uv": [173, 40], "uv_size": [7, -10]}
							}
						},
						{
							"origin": [5.025, 1.5, -4.37868],
							"size": [6.95, 2.825, 3],
							"pivot": [8.5, 3, -2.87868],
							"rotation": [-45, 0, 0],
							"uv": {
								"north": {"uv": [133, 53], "uv_size": [7, 3]},
								"east": {"uv": [141, 58], "uv_size": [3, 3]},
								"south": {"uv": [132, 161], "uv_size": [7, 3]},
								"west": {"uv": [165, 125], "uv_size": [3, 3]},
								"up": {"uv": [139, 161], "uv_size": [7, 3]},
								"down": {"uv": [161, 143], "uv_size": [7, -3]}
							}
						}
					]
				}
			]
		}
	]
}