{
	"format_version": "1.12.0",
	"minecraft:geometry": [
		{
			"description": {
				"identifier": "geometry.cyber_mech_helmet",
				"texture_width": 256,
				"texture_height": 256,
				"visible_bounds_width": 2,
				"visible_bounds_height": 3.5,
				"visible_bounds_offset": [0, 1.25, 0]
			},
			"bones": [
				{
					"name": "root",
					"pivot": [0, 0, 0]
				},
				{
					"name": "waist",
					"parent": "root",
					"pivot": [0, 12, 0]
				},
				{
					"name": "body",
					"parent": "waist",
					"pivot": [0, 24, 0]
				},
				{
					"name": "head",
					"parent": "body",
					"pivot": [0, 24, 0]
				},
				{
					"name": "customHelmet",
					"parent": "head",
					"pivot": [0, 47.15479, -0.21786],
					"rotation": [9, 0, 0],
					"cubes": [
						{
							"origin": [3, 25.27086, -4.44156],
							"size": [1.975, 7, 6],
							"uv": {
								"north": {"uv": [83, 0], "uv_size": [2, 7]},
								"east": {"uv": [8, 88], "uv_size": [6, 7]},
								"south": {"uv": [26, 166], "uv_size": [2, 7]},
								"west": {"uv": [71, 141], "uv_size": [6, 7]},
								"up": {"uv": [157, 168], "uv_size": [2, 6]},
								"down": {"uv": [164, 174], "uv_size": [2, -6]}
							}
						},
						{
							"origin": [-7, 31.986, -4.10771],
							"size": [14, 2, 2],
							"pivot": [0, 57.06077, -2.23019],
							"rotation": [-7.5, 0, 0],
							"uv": {
								"north": {"uv": [32, 10], "uv_size": [14, 2]},
								"east": {"uv": [32, 18], "uv_size": [2, 2]},
								"south": {"uv": [32, 12], "uv_size": [14, 2]},
								"west": {"uv": [0, 34], "uv_size": [2, 2]},
								"up": {"uv": [32, 14], "uv_size": [14, 2]},
								"down": {"uv": [32, 18], "uv_size": [14, -2]}
							}
						},
						{
							"origin": [-1, 34.62339, -5.07682],
							"size": [2, 3, 10],
							"pivot": [0, 57.11517, 0.55143],
							"rotation": [-7.5, 0, 0],
							"uv": {
								"north": {"uv": [65, 75], "uv_size": [2, 3]},
								"east": {"uv": [152, 87], "uv_size": [10, 3]},
								"south": {"uv": [47, 93], "uv_size": [2, 3]},
								"west": {"uv": [152, 120], "uv_size": [10, 3]},
								"up": {"uv": [107, 160], "uv_size": [2, 10]},
								"down": {"uv": [16, 172], "uv_size": [2, -10]}
							}
						},
						{
							"origin": [-0.975, 37.88632, 18.70288],
							"size": [1.95, 3, 3.625],
							"pivot": [0, 58.80273, 6.09603],
							"rotation": [-45, 0, 0],
							"uv": {
								"north": {"uv": [91, 114], "uv_size": [2, 3]},
								"east": {"uv": [60, 85], "uv_size": [4, 3]},
								"south": {"uv": [131, 46], "uv_size": [2, 3]},
								"west": {"uv": [89, 53], "uv_size": [4, 3]},
								"up": {"uv": [101, 171], "uv_size": [2, 4]},
								"down": {"uv": [105, 175], "uv_size": [2, -4]}
							}
						},
						{
							"origin": [-1, 28.97904, 3.73173],
							"size": [2, 6, 4],
							"pivot": [0, 50.47538, 4.81287],
							"rotation": [-10, 0, 0],
							"uv": {
								"north": {"uv": [0, 169], "uv_size": [2, 6]},
								"east": {"uv": [28, 132], "uv_size": [4, 6]},
								"south": {"uv": [2, 169], "uv_size": [2, 6]},
								"west": {"uv": [147, 157], "uv_size": [4, 6]},
								"up": {"uv": [32, 20], "uv_size": [2, 4]},
								"down": {"uv": [92, 143], "uv_size": [2, -4]}
							}
						},
						{
							"origin": [-5, 30.62339, -5.07682],
							"size": [10, 4, 10],
							"pivot": [0, 57.11517, 0.55143],
							"rotation": [-7.5, 0, 0],
							"uv": {
								"north": {"uv": [6, 145], "uv_size": [10, 4]},
								"east": {"uv": [145, 30], "uv_size": [10, 4]},
								"south": {"uv": [145, 107], "uv_size": [10, 4]},
								"west": {"uv": [145, 111], "uv_size": [10, 4]},
								"up": {"uv": [58, 16], "uv_size": [10, 10]},
								"down": {"uv": [58, 36], "uv_size": [10, -10]}
							}
						},
						{
							"origin": [-3, 25.27086, -0.44156],
							"size": [6, 6, 2],
							"uv": {
								"north": {"uv": [84, 74], "uv_size": [6, 6]},
								"east": {"uv": [12, 52], "uv_size": [2, 6]},
								"south": {"uv": [31, 148], "uv_size": [6, 6]},
								"west": {"uv": [56, 60], "uv_size": [2, 6]},
								"up": {"uv": [120, 98], "uv_size": [6, 2]},
								"down": {"uv": [122, 90], "uv_size": [6, -2]}
							}
						},
						{
							"origin": [-4.975, 25.27086, -4.44156],
							"size": [1.975, 7, 6],
							"uv": {
								"north": {"uv": [99, 166], "uv_size": [2, 7]},
								"east": {"uv": [144, 62], "uv_size": [6, 7]},
								"south": {"uv": [103, 168], "uv_size": [2, 7]},
								"west": {"uv": [144, 73], "uv_size": [6, 7]},
								"up": {"uv": [166, 168], "uv_size": [2, 6]},
								"down": {"uv": [168, 174], "uv_size": [2, -6]}
							}
						},
						{
							"origin": [-3.5, 25.70508, -14.66667],
							"size": [7, 3, 2],
							"pivot": [0, 49.13017, 0.09501],
							"rotation": [15, 0, 0],
							"uv": {
								"north": {"uv": [163, 0], "uv_size": [7, 3]},
								"east": {"uv": [113, 172], "uv_size": [2, 3]},
								"south": {"uv": [163, 14], "uv_size": [7, 3]},
								"west": {"uv": [172, 118], "uv_size": [2, 3]},
								"up": {"uv": [68, 64], "uv_size": [7, 2]},
								"down": {"uv": [166, 106], "uv_size": [7, -2]}
							}
						}
					]
				},
				{
					"name": "glass",
					"parent": "customHelmet",
					"pivot": [0, 47.15479, -0.21786],
					"cubes": [
						{
							"origin": [5.975, 22.986, -6.10771],
							"size": [0.025, 12, 5],
							"pivot": [0, 57.06077, -2.23019],
							"rotation": [-7.5, 0, 0],
							"uv": {
								"east": {"uv": [129, 190], "uv_size": [-5, 12]},
								"west": {"uv": [124, 190], "uv_size": [5, 12]}
							}
						},
						{
							"origin": [-6, 22.986, -6.10771],
							"size": [0.025, 12, 5],
							"pivot": [0, 57.06077, -2.23019],
							"rotation": [-7.5, 0, 0],
							"uv": {
								"east": {"uv": [129, 190], "uv_size": [-5, 12]},
								"west": {"uv": [124, 190], "uv_size": [5, 12]}
							}
						},
						{
							"origin": [-6, 22.986, -6.10771],
							"size": [12, 12, 0.025],
							"pivot": [0, 57.06077, -2.23019],
							"rotation": [-7.5, 0, 0],
							"uv": {
								"north": {"uv": [214, 10], "uv_size": [-12, 12]},
								"south": {"uv": [202, 10], "uv_size": [12, 12]}
							}
						}
					]
				},
				{
					"name": "hat",
					"parent": "head",
					"pivot": [0, 24, 0]
				},
				{
					"name": "cape",
					"parent": "body",
					"pivot": [0, 24, 3]
				},
				{
					"name": "leftArm",
					"parent": "body",
					"pivot": [5, 22, 0]
				},
				{
					"name": "leftSleeve",
					"parent": "leftArm",
					"pivot": [5, 22, 0]
				},
				{
					"name": "leftItem",
					"parent": "leftArm",
					"pivot": [6, 15, 1]
				},
				{
					"name": "rightArm",
					"parent": "body",
					"pivot": [-5, 22, 0]
				},
				{
					"name": "rightSleeve",
					"parent": "rightArm",
					"pivot": [-5, 22, 0]
				},
				{
					"name": "rightItem",
					"parent": "rightArm",
					"pivot": [-6, 15, 1],
					"locators": {
						"lead_hold": [-6, 15, 1]
					}
				},
				{
					"name": "jacket",
					"parent": "body",
					"pivot": [0, 24, 0]
				},
				{
					"name": "leftLeg",
					"parent": "root",
					"pivot": [1.9, 12, 0]
				},
				{
					"name": "leftPants",
					"parent": "leftLeg",
					"pivot": [1.9, 12, 0]
				},
				{
					"name": "rightLeg",
					"parent": "root",
					"pivot": [-1.9, 12, 0]
				},
				{
					"name": "rightPants",
					"parent": "rightLeg",
					"pivot": [-1.9, 12, 0]
				}
			]
		}
	]
}