{
	"entity_sounds": {
		"entities": {
			"hf:dummy": {
				"volume": 1,
				"pitch": [
					0.8,
					1.2
				],
				"events": {
					"hurt" : "mob.irongolem.hit"
				}
			},
			"hf:turret": {
				"volume": 1,
				"pitch": [
					0.8,
					1.2
				],
				"events": {
					"hurt" : "boss.hit"
				}
			},
			"hf:sentinel": {
				"volume": 1,
				"pitch": [
					0.8,
					1.2
				],
				"events": {
					"hurt" : "boss.hit"
				}
			},
			"hf:assaulter": {
				"volume": 1,
				"pitch": [
					0.8,
					1.2
				],
				"events": {
					"hurt" : "boss.hit"
				}
			},
			"hf:cultivator": {
				"volume": 1,
				"pitch": [
					0.8,
					1.2
				],
				"events": {
					"hurt" : "boss.hit"
				}
			},
			"hf:revitalizer": {
				"volume": 1,
				"pitch": [
					0.8,
					1.2
				],
				"events": {
					"hurt" : "boss.hit"
				}
			},
			"hf:excavator": {
				"volume": 1,
				"pitch": [
					0.8,
					1.2
				],
				"events": {
					"hurt" : "boss.hit"
				}
			},


			"hf:robosaurus": {
				"volume": 1,
				"pitch": [
					0.8,
					1.2
				],
				"events": {
					"hurt" : "boss.hit"
				}
			},
			"hf:mech_o_kong": {
				"volume": 1,
				"pitch": [
					0.8,
					1.2
				],
				"events": {
					"hurt" : "boss.hit"
				}
			},
			"hf:techn_o_ctopus": {
				"volume": 1,
				"pitch": [
					0.8,
					1.2
				],
				"events": {
					"hurt" : "boss.hit",
					"ambient": "techn_o_ctopus.idle"
				}
			}
		}
	}
}