{
	"format_version": "1.10.0",
	"particle_effect": {
		"description": {
			"identifier": "fersredofficial:redlazer",
			"basic_render_parameters": {
				"material": "particles_blend",
				"texture": "textures/particle/lazers/red_lazer"
			}
		},
		"curves": {
			"variable.size2": {
				"type": "bezier_chain",
				"input": "v.particle_age",
				"nodes": {
					"0.0": {
						"value": 1,
						"slope": -1.8
					},
					"0.12": {
						"value": 1,
						"slope": 0
					},
					"1.48": {
						"value": 2.04,
						"slope": 0.3
					},
					"1.4": {
						"value": 1,
						"slope": 2.15
					},
					"0.5": {
						"value": 1,
						"slope": 0
					}
				}
			},
			"variable.size1": {
				"type": "bezier_chain",
				"input": "v.particle_age",
				"nodes": {
					"0.0": {
						"value": 0,
						"slope": 0
					},
					"1.0": {
						"value": 1.13,
						"slope": -0.2
					},
					"0.25": {
						"value": 0.94,
						"slope": 0
					},
					"0.14": {
						"value": 0.37,
						"slope": 0
					},
					"0.43": {
						"value": 1.18,
						"slope": 0
					},
					"0.62": {
						"value": 1.17,
						"slope": 0
					},
					"0.79": {
						"value": 1.13,
						"slope": 0
					}
				}
			}
		},
		"components": {
			"minecraft:emitter_local_space": {
				"position": true,
				"rotation": true
			},
			"minecraft:emitter_rate_instant": {
				"num_particles": 1
			},
			"minecraft:emitter_lifetime_once": {
				"active_time": 0.5
			},
			"minecraft:emitter_shape_point": {
				"offset": [0, 0, 0.8]
			},
			"minecraft:particle_lifetime_expression": {
				"max_lifetime": 0.5
			},
			"minecraft:particle_initial_spin": {
				"rotation": 90
			},
			"minecraft:particle_initial_speed": 0,
			"minecraft:particle_motion_dynamic": {},
			"minecraft:particle_appearance_billboard": {
				"size": ["0.02 / (v.particle_age+0.1)", 8],
				"facing_camera_mode": "lookat_direction",
				"direction": {
					"mode": "custom",
					"custom_direction": ["math.sin(v.emitter_age*1440)*0.001", "math.sin(70+v.emitter_age*1440)*0.00001", 1]
				},
				"uv": {
					"texture_width": 16,
					"texture_height": 32,
					"uv": [0, 0],
					"uv_size": [16, 32]
				}
			},
			"minecraft:particle_appearance_tinting": {
				"color": [1, 1, 1, 1]
			}
		}
	}
}